-- --------------------------------------------------------
-- Host:                         localhost
-- Server version:               5.7.19 - MySQL Community Server (GPL)
-- Server OS:                    Win64
-- HeidiSQL Version:             9.4.0.5125
-- --------------------------------------------------------

/*!40101 SET @OLD_CHARACTER_SET_CLIENT=@@CHARACTER_SET_CLIENT */;
/*!40101 SET NAMES utf8 */;
/*!50503 SET NAMES utf8mb4 */;
/*!40014 SET @OLD_FOREIGN_KEY_CHECKS=@@FOREIGN_KEY_CHECKS, FOREIGN_KEY_CHECKS=0 */;
/*!40101 SET @OLD_SQL_MODE=@@SQL_MODE, SQL_MODE='NO_AUTO_VALUE_ON_ZERO' */;


-- Dumping database structure for eapi
CREATE DATABASE IF NOT EXISTS `eapi` /*!40100 DEFAULT CHARACTER SET latin1 */;
USE `eapi`;

-- Dumping structure for table eapi.migrations
CREATE TABLE IF NOT EXISTS `migrations` (
  `id` int(10) unsigned NOT NULL AUTO_INCREMENT,
  `migration` varchar(255) COLLATE utf8mb4_unicode_ci NOT NULL,
  `batch` int(11) NOT NULL,
  PRIMARY KEY (`id`)
) ENGINE=InnoDB AUTO_INCREMENT=5 DEFAULT CHARSET=utf8mb4 COLLATE=utf8mb4_unicode_ci;

-- Dumping data for table eapi.migrations: ~4 rows (approximately)
DELETE FROM `migrations`;
/*!40000 ALTER TABLE `migrations` DISABLE KEYS */;
INSERT INTO `migrations` (`id`, `migration`, `batch`) VALUES
	(1, '2014_10_12_000000_create_users_table', 1),
	(2, '2014_10_12_100000_create_password_resets_table', 1),
	(3, '2018_08_07_175621_create_products_table', 1),
	(4, '2018_08_07_192700_create_reviews_table', 1);
/*!40000 ALTER TABLE `migrations` ENABLE KEYS */;

-- Dumping structure for table eapi.password_resets
CREATE TABLE IF NOT EXISTS `password_resets` (
  `email` varchar(255) COLLATE utf8mb4_unicode_ci NOT NULL,
  `token` varchar(255) COLLATE utf8mb4_unicode_ci NOT NULL,
  `created_at` timestamp NULL DEFAULT NULL,
  KEY `password_resets_email_index` (`email`)
) ENGINE=InnoDB DEFAULT CHARSET=utf8mb4 COLLATE=utf8mb4_unicode_ci;

-- Dumping data for table eapi.password_resets: ~0 rows (approximately)
DELETE FROM `password_resets`;
/*!40000 ALTER TABLE `password_resets` DISABLE KEYS */;
/*!40000 ALTER TABLE `password_resets` ENABLE KEYS */;

-- Dumping structure for table eapi.products
CREATE TABLE IF NOT EXISTS `products` (
  `id` int(10) unsigned NOT NULL AUTO_INCREMENT,
  `name` varchar(255) COLLATE utf8mb4_unicode_ci NOT NULL,
  `detail` text COLLATE utf8mb4_unicode_ci NOT NULL,
  `price` int(11) NOT NULL,
  `stock` int(11) NOT NULL,
  `discount` int(11) NOT NULL,
  `created_at` timestamp NULL DEFAULT NULL,
  `updated_at` timestamp NULL DEFAULT NULL,
  PRIMARY KEY (`id`)
) ENGINE=InnoDB DEFAULT CHARSET=utf8mb4 COLLATE=utf8mb4_unicode_ci;

-- Dumping data for table eapi.products: ~0 rows (approximately)
DELETE FROM `products`;
/*!40000 ALTER TABLE `products` DISABLE KEYS */;
INSERT INTO `products` (`id`, `name`, `detail`, `price`, `stock`, `discount`, `created_at`, `updated_at`) VALUES
	(1, 'aut', 'Quam aut voluptatem qui et. Totam voluptate enim quam at voluptatum delectus. Labore nulla et voluptatem cumque nam voluptatem ut est.', 917, 6, 24, '2018-08-08 08:59:49', '2018-08-08 08:59:49'),
	(2, 'aliquid', 'Vel aliquid assumenda omnis neque. Cumque et delectus exercitationem ratione voluptas. Ducimus recusandae sunt similique eaque. Exercitationem corporis facere soluta voluptatum.', 120, 9, 17, '2018-08-08 08:59:49', '2018-08-08 08:59:49'),
	(3, 'exercitationem', 'Nam reprehenderit fugit eum quis commodi quibusdam. Sapiente nihil ipsam fugit et. Soluta consequatur dolor voluptas dolor. Veniam iusto et soluta.', 979, 3, 7, '2018-08-08 08:59:49', '2018-08-08 08:59:49'),
	(4, 'corporis', 'Quia vitae deserunt accusantium est sint et. Ut sit commodi consequatur. Molestias a id consequatur quia.', 467, 1, 6, '2018-08-08 08:59:49', '2018-08-08 08:59:49'),
	(5, 'dolorem', 'Deserunt aperiam quos maxime aut. Aut voluptas incidunt in. Esse voluptas porro consequatur ut qui est eos. Recusandae et repellendus asperiores.', 910, 0, 3, '2018-08-08 08:59:49', '2018-08-08 08:59:49'),
	(6, 'et', 'Dolor numquam rerum et adipisci perspiciatis. Ut eum officiis sed incidunt veniam ea et. Blanditiis recusandae cum voluptatem. Delectus dignissimos voluptatum vitae doloribus quae. Laborum dolor necessitatibus tempora voluptatem laborum sint.', 794, 2, 11, '2018-08-08 08:59:49', '2018-08-08 08:59:49'),
	(7, 'tempore', 'Et molestiae omnis quisquam autem. Sit ut mollitia architecto soluta.', 566, 8, 28, '2018-08-08 08:59:49', '2018-08-08 08:59:49'),
	(8, 'et', 'Minus minus rerum fugiat alias qui nihil aliquid. Placeat cupiditate ipsam magnam consequatur dignissimos dicta ab quis. Voluptate aut provident rerum libero ut libero praesentium. Cupiditate quia suscipit laboriosam natus reprehenderit consequatur dicta.', 400, 4, 20, '2018-08-08 08:59:49', '2018-08-08 08:59:49'),
	(9, 'id', 'Magnam nostrum magni beatae enim sed deserunt et. Aut tempora assumenda dolores. Saepe et voluptatem est ut. In molestiae sint qui eius rem est.', 523, 4, 12, '2018-08-08 08:59:49', '2018-08-08 08:59:49'),
	(10, 'deserunt', 'Voluptatem tempore praesentium eveniet animi. Facilis aut harum quidem et. Ducimus eos inventore cumque non ducimus quia qui.', 130, 4, 9, '2018-08-08 08:59:49', '2018-08-08 08:59:49'),
	(11, 'est', 'Vero praesentium similique at est ad. Perferendis veritatis id voluptatem officiis et consequatur. Ut ut sequi atque saepe natus delectus repudiandae.', 188, 4, 17, '2018-08-08 08:59:49', '2018-08-08 08:59:49'),
	(12, 'est', 'Rerum laudantium voluptate est nostrum incidunt libero asperiores ad. Voluptas voluptatem repellendus natus quia ut dolores.', 528, 3, 3, '2018-08-08 08:59:49', '2018-08-08 08:59:49'),
	(13, 'enim', 'Error blanditiis autem expedita quibusdam delectus adipisci. Sequi assumenda architecto est distinctio. Qui incidunt eligendi aperiam cupiditate.', 930, 7, 3, '2018-08-08 08:59:49', '2018-08-08 08:59:49'),
	(14, 'illo', 'Accusamus qui et numquam nemo dignissimos. Nisi qui aliquid repudiandae nisi nulla alias ut et. Quia placeat et molestias natus ut sed. Animi ut sunt voluptas veniam accusamus sit sed.', 345, 5, 16, '2018-08-08 08:59:49', '2018-08-08 08:59:49'),
	(15, 'laboriosam', 'Alias ullam vitae in quaerat itaque. Deleniti soluta molestias quia sit tempore dolore. Voluptatem et neque et sit. Itaque eos optio et rerum rerum vel.', 601, 2, 11, '2018-08-08 08:59:49', '2018-08-08 08:59:49'),
	(16, 'pariatur', 'Voluptates rerum laboriosam tenetur reprehenderit molestias error voluptas. Quia et officia eius corporis quia mollitia repudiandae. Odio asperiores ratione nostrum culpa hic esse.', 628, 8, 18, '2018-08-08 08:59:49', '2018-08-08 08:59:49'),
	(17, 'et', 'Harum odit molestiae mollitia nihil facere voluptatum sunt. Enim voluptate cumque velit sed dolore officia. Quae ipsa facere et aspernatur delectus illum quidem. Quidem cupiditate voluptate cumque qui nihil amet.', 354, 0, 19, '2018-08-08 08:59:49', '2018-08-08 08:59:49'),
	(18, 'soluta', 'Id voluptatem saepe ratione provident expedita. Aspernatur laboriosam omnis pariatur reprehenderit. Labore fugiat ducimus aliquam doloribus. Qui tempore dolorem molestias numquam ut in. Sit ab reiciendis tempore quod provident et.', 323, 2, 3, '2018-08-08 08:59:49', '2018-08-08 08:59:49'),
	(19, 'veniam', 'Quaerat qui sunt rerum. Tempore provident et ut aut assumenda. Molestias sequi ut corrupti ut. Alias ut occaecati minima voluptatem.', 689, 7, 20, '2018-08-08 08:59:49', '2018-08-08 08:59:49'),
	(20, 'fugiat', 'Natus id tempore a suscipit qui consequatur qui. Odio excepturi repudiandae earum reiciendis. Quo repellendus tempore vel est. Veniam omnis voluptatibus sint eligendi voluptas unde suscipit.', 369, 8, 22, '2018-08-08 08:59:49', '2018-08-08 08:59:49'),
	(21, 'architecto', 'Magnam sunt nihil dolore necessitatibus. Consequuntur iure sequi aliquid et cum nulla. Et fugiat id consequatur ut similique iure.', 333, 7, 25, '2018-08-08 08:59:49', '2018-08-08 08:59:49'),
	(22, 'aut', 'Voluptatum eius quaerat dolorem fuga cumque. Explicabo enim ducimus minima. Iure commodi rerum et. Neque molestias qui necessitatibus saepe. A excepturi magni quae quo voluptatum.', 218, 3, 29, '2018-08-08 08:59:49', '2018-08-08 08:59:49'),
	(23, 'omnis', 'Delectus et quam deserunt dignissimos. Facilis velit facere deleniti asperiores laboriosam est. Expedita qui assumenda ut natus voluptas et blanditiis. Ea esse quis ut qui.', 774, 4, 7, '2018-08-08 08:59:49', '2018-08-08 08:59:49'),
	(24, 'sunt', 'Ex occaecati quo quos quibusdam quo harum. Perferendis maiores exercitationem nobis autem ut. Saepe nam est et rerum provident.', 207, 8, 27, '2018-08-08 08:59:49', '2018-08-08 08:59:49'),
	(25, 'ullam', 'Laudantium aperiam dolorem rerum laudantium. Id distinctio assumenda non harum et et et. Deserunt eum ipsum aspernatur reiciendis quia odit. Autem quaerat sed id veritatis rerum est aut dolorem.', 584, 0, 15, '2018-08-08 08:59:49', '2018-08-08 08:59:49'),
	(26, 'distinctio', 'Deserunt dicta ut dolores aliquam voluptas. Veritatis esse ut non rerum voluptatem. Vitae praesentium accusamus dolorum tempore sint modi. Illum animi quia possimus. Iure sunt est neque voluptas numquam.', 202, 1, 14, '2018-08-08 08:59:49', '2018-08-08 08:59:49'),
	(27, 'eum', 'Autem non harum voluptatem. Aliquam aspernatur saepe sint odit. Dolores aliquam impedit qui consequatur aliquid velit quos. Voluptatibus dolorum unde non sint amet commodi autem.', 383, 3, 8, '2018-08-08 08:59:49', '2018-08-08 08:59:49'),
	(28, 'qui', 'Ratione quia ut vel. Et rerum molestiae corrupti. Omnis modi minima et modi ut velit voluptas. Molestiae commodi eveniet qui autem.', 633, 0, 7, '2018-08-08 08:59:49', '2018-08-08 08:59:49'),
	(29, 'veniam', 'Impedit consequatur non atque vitae quia. Corrupti quisquam accusantium cupiditate non. Id vero aut nesciunt et perferendis at.', 840, 0, 29, '2018-08-08 08:59:49', '2018-08-08 08:59:49'),
	(30, 'quod', 'Suscipit voluptas laborum rerum numquam velit. Eaque veniam est incidunt. Id aliquam magnam aliquid totam.', 980, 2, 18, '2018-08-08 08:59:49', '2018-08-08 08:59:49'),
	(31, 'occaecati', 'Neque accusamus magnam illum fugit. Voluptatum sunt molestiae consectetur et maiores.', 157, 0, 27, '2018-08-08 08:59:49', '2018-08-08 08:59:49'),
	(32, 'at', 'Dolor aut minima repudiandae sit enim illum. Odit maiores et rerum eum ab. Sit magnam sequi esse modi eum. Rerum quia aut consequuntur perspiciatis perferendis laboriosam.', 992, 2, 18, '2018-08-08 08:59:49', '2018-08-08 08:59:49'),
	(33, 'amet', 'Quibusdam dolorem corporis quia doloribus beatae fugit nobis. Dolores odit explicabo et hic. Nisi sint molestias nihil nostrum. Voluptatibus praesentium rerum pariatur expedita voluptas.', 770, 9, 20, '2018-08-08 08:59:49', '2018-08-08 08:59:49'),
	(34, 'iure', 'Rerum aut odio quaerat amet tempora. Sed et quae perferendis sit. Quidem voluptatem voluptas similique omnis odit. Eum ea natus aut eius.', 115, 6, 11, '2018-08-08 08:59:49', '2018-08-08 08:59:49'),
	(35, 'adipisci', 'Cupiditate ad possimus nam. Quibusdam sapiente eligendi accusamus voluptas repudiandae aut deserunt voluptates. Molestiae autem quos consequuntur velit sit.', 269, 5, 13, '2018-08-08 08:59:49', '2018-08-08 08:59:49'),
	(36, 'reprehenderit', 'Sed voluptatum nihil id. Atque aliquid dignissimos ipsam modi quo nihil enim. Nostrum nihil qui sed et. Vitae rerum facilis veritatis iure.', 892, 3, 17, '2018-08-08 08:59:49', '2018-08-08 08:59:49'),
	(37, 'ut', 'Voluptatem qui ut dolorem. Error dolor quia nulla non quae modi voluptas. Accusamus nisi deleniti sed ut quos.', 935, 4, 6, '2018-08-08 08:59:49', '2018-08-08 08:59:49'),
	(38, 'autem', 'Provident laborum necessitatibus delectus autem rerum ipsam voluptate. Placeat sapiente adipisci sed facere mollitia atque consequatur. Et rerum dolorum illum at.', 870, 8, 23, '2018-08-08 08:59:49', '2018-08-08 08:59:49'),
	(39, 'dolorum', 'Non tenetur nesciunt explicabo tempore deserunt. Aut tempore distinctio aut sunt enim pariatur. Ad velit aut excepturi distinctio velit animi. Voluptates et aut dolor dignissimos harum. Minima et impedit eum voluptatibus.', 337, 9, 3, '2018-08-08 08:59:49', '2018-08-08 08:59:49'),
	(40, 'error', 'Omnis et numquam placeat odit. Ab quibusdam perspiciatis repellendus consequatur enim sit. Aut magni voluptas et doloremque error ipsa.', 901, 5, 10, '2018-08-08 08:59:49', '2018-08-08 08:59:49'),
	(41, 'inventore', 'Eos minima omnis sed et inventore itaque voluptas. Dolorem distinctio optio maxime adipisci. Aut eius autem rerum illo aliquid suscipit voluptatem.', 236, 6, 26, '2018-08-08 08:59:49', '2018-08-08 08:59:49'),
	(42, 'et', 'Omnis autem voluptate deserunt veritatis minus molestias qui. Inventore veniam et fugiat similique asperiores. Consequatur nemo veritatis quos eveniet magnam. Nam quaerat et harum blanditiis nihil.', 655, 8, 3, '2018-08-08 08:59:49', '2018-08-08 08:59:49'),
	(43, 'ipsa', 'Sunt porro et autem sit in omnis. Error repudiandae unde facere fugiat molestiae. Vitae quas aliquam voluptas exercitationem expedita et expedita.', 153, 5, 29, '2018-08-08 08:59:49', '2018-08-08 08:59:49'),
	(44, 'aliquid', 'Quis incidunt provident sint voluptatibus quasi. Eaque nihil suscipit optio possimus ipsa nemo vitae. Maxime animi laudantium ut nihil. Quidem aliquid debitis rerum vel et vero.', 448, 6, 14, '2018-08-08 08:59:49', '2018-08-08 08:59:49'),
	(45, 'perspiciatis', 'Rerum laboriosam laborum eligendi. Asperiores sint consectetur voluptatem maxime at qui voluptas. Unde ut eum odio accusantium dolor nemo. Inventore quam quae ratione numquam voluptatem magni.', 856, 7, 6, '2018-08-08 08:59:49', '2018-08-08 08:59:49'),
	(46, 'assumenda', 'Dolores architecto iste repellendus at hic. Sed cupiditate accusantium aspernatur. Eum deleniti ut sed voluptas id. Eligendi quibusdam eum mollitia laudantium aut iusto id.', 441, 9, 20, '2018-08-08 08:59:49', '2018-08-08 08:59:49'),
	(47, 'qui', 'Velit deserunt libero quia quia ipsum et omnis. Dolores mollitia qui consequuntur recusandae commodi ipsa ex consequuntur. Dignissimos fuga quos natus quibusdam. Eos est atque repellendus in.', 745, 7, 6, '2018-08-08 08:59:49', '2018-08-08 08:59:49'),
	(48, 'quo', 'Sed qui temporibus dolores quo quia. Nam cumque voluptas ipsam est aut in minus nisi. Culpa rerum omnis et itaque ut minus fugiat consequatur. Ex autem quas quam at.', 898, 2, 18, '2018-08-08 08:59:49', '2018-08-08 08:59:49'),
	(49, 'sit', 'Voluptatem sunt molestiae ipsam iste. Sapiente aperiam odit quasi sint nihil sunt. Qui vel quis eligendi quis autem blanditiis quia.', 683, 5, 2, '2018-08-08 08:59:49', '2018-08-08 08:59:49'),
	(50, 'odit', 'Perferendis fugit minus ut at cumque. Quia sit dolorem est perspiciatis. Quia veritatis labore itaque. Omnis quidem tenetur tempore ipsa consequuntur voluptate voluptatibus.', 598, 6, 23, '2018-08-08 08:59:49', '2018-08-08 08:59:49');
/*!40000 ALTER TABLE `products` ENABLE KEYS */;

-- Dumping structure for table eapi.reviews
CREATE TABLE IF NOT EXISTS `reviews` (
  `id` int(10) unsigned NOT NULL AUTO_INCREMENT,
  `product_id` int(10) unsigned NOT NULL,
  `customer` varchar(255) COLLATE utf8mb4_unicode_ci NOT NULL,
  `review` text COLLATE utf8mb4_unicode_ci NOT NULL,
  `star` int(11) NOT NULL,
  `created_at` timestamp NULL DEFAULT NULL,
  `updated_at` timestamp NULL DEFAULT NULL,
  PRIMARY KEY (`id`),
  KEY `reviews_product_id_index` (`product_id`),
  CONSTRAINT `reviews_product_id_foreign` FOREIGN KEY (`product_id`) REFERENCES `products` (`id`) ON DELETE CASCADE
) ENGINE=InnoDB DEFAULT CHARSET=utf8mb4 COLLATE=utf8mb4_unicode_ci;

-- Dumping data for table eapi.reviews: ~0 rows (approximately)
DELETE FROM `reviews`;
/*!40000 ALTER TABLE `reviews` DISABLE KEYS */;
INSERT INTO `reviews` (`id`, `product_id`, `customer`, `review`, `star`, `created_at`, `updated_at`) VALUES
	(1, 20, 'Owen Trantow', 'Voluptatem quo aut similique repellendus qui aut. Reiciendis fuga illum sit autem. Cumque autem omnis qui nam. Necessitatibus itaque nobis magni fugiat sunt vel ut.', 0, '2018-08-08 08:59:49', '2018-08-08 08:59:49'),
	(2, 29, 'Demarcus Wolf', 'Non impedit quisquam qui quisquam incidunt officiis. Error minima tenetur blanditiis error mollitia enim quae sed. Nihil est rerum magni ut laboriosam amet magni.', 0, '2018-08-08 08:59:49', '2018-08-08 08:59:49'),
	(3, 32, 'Santos Bogan', 'Ut vero harum ut dolores placeat excepturi. Mollitia ab minima sed aliquid repudiandae quo. Aut in qui ratione cupiditate. Neque maxime ab repellendus est aliquid fugiat non.', 2, '2018-08-08 08:59:49', '2018-08-08 08:59:49'),
	(4, 48, 'Mrs. Filomena Lueilwitz', 'Saepe eum illo ad itaque sed ad. Pariatur consequatur aliquam consequatur id blanditiis. Inventore dolorem porro velit aut necessitatibus.', 4, '2018-08-08 08:59:49', '2018-08-08 08:59:49'),
	(5, 11, 'Damian Heaney', 'Asperiores dignissimos quaerat et molestiae exercitationem itaque. Sapiente qui quas distinctio culpa doloremque. Architecto sit repudiandae sit sequi maxime. Ipsam repellendus ratione delectus aliquid voluptate.', 5, '2018-08-08 08:59:49', '2018-08-08 08:59:49'),
	(6, 19, 'Prof. Tess Fay', 'Consectetur iure itaque quia ipsum ut rerum. Quaerat asperiores eos rerum laborum sit maiores minima. Non necessitatibus eum perspiciatis explicabo rem impedit ducimus. Doloribus cum iure non at impedit ratione.', 3, '2018-08-08 08:59:49', '2018-08-08 08:59:49'),
	(7, 32, 'Dr. Kaley Dickens', 'Dolore qui quae aut libero accusamus. Enim labore inventore accusantium beatae minima repudiandae. Ut neque vel neque ipsam vel eos.', 0, '2018-08-08 08:59:49', '2018-08-08 08:59:49'),
	(8, 23, 'Darrion Sporer', 'Nemo vero aut tempore minus. Praesentium amet incidunt cupiditate animi aliquid consequatur accusantium occaecati. Nam similique impedit omnis molestias. Veritatis et porro tempora ut.', 3, '2018-08-08 08:59:49', '2018-08-08 08:59:49'),
	(9, 14, 'Anjali Krajcik', 'Distinctio est sunt voluptas illo voluptates repellendus adipisci. Minus voluptatum doloribus expedita quam saepe perspiciatis sunt. Animi eveniet consequatur porro et culpa unde.', 2, '2018-08-08 08:59:49', '2018-08-08 08:59:49'),
	(10, 29, 'Candida White Sr.', 'Consequuntur quibusdam est quis nobis. Ratione velit cum et et itaque enim. Maxime quia molestiae sunt eum eum qui. Doloribus et culpa in id.', 4, '2018-08-08 08:59:49', '2018-08-08 08:59:49'),
	(11, 21, 'Manley Kirlin', 'Maxime blanditiis et dolorem et id aspernatur et. Eum eos quidem aut laborum a sit libero. Aliquam et odit distinctio aut voluptas nihil.', 5, '2018-08-08 08:59:49', '2018-08-08 08:59:49'),
	(12, 4, 'Mrs. Abigayle Armstrong DVM', 'Aut excepturi fugiat deserunt ut dolor eaque. Iure dolor ipsa perspiciatis vero. Maiores quod vel eum porro porro.', 0, '2018-08-08 08:59:49', '2018-08-08 08:59:49'),
	(13, 49, 'Ms. Elizabeth Rowe', 'Illo corrupti ad consequuntur id non soluta rerum. Reiciendis autem dolorem accusamus sint minima aut explicabo.', 3, '2018-08-08 08:59:49', '2018-08-08 08:59:49'),
	(14, 37, 'Micah Homenick', 'Numquam possimus atque ut cum maxime eos voluptatem id. Quasi reiciendis sequi exercitationem et eos.', 3, '2018-08-08 08:59:49', '2018-08-08 08:59:49'),
	(15, 22, 'Jettie Corwin', 'Beatae non repudiandae velit esse. Cupiditate dolor odit molestiae. Dolores dolore quis perspiciatis. Aliquid quo sint nesciunt.', 4, '2018-08-08 08:59:49', '2018-08-08 08:59:49'),
	(16, 22, 'Kimberly Gerhold', 'Quae suscipit voluptas assumenda magni eius. Quia est excepturi enim explicabo. Rerum optio a dolorum facere.', 4, '2018-08-08 08:59:49', '2018-08-08 08:59:49'),
	(17, 3, 'Ms. Jody Pacocha MD', 'Nesciunt vitae aperiam voluptatum ut qui. Doloribus deserunt minus amet nulla quae quia ut. Dolorem ut voluptatibus asperiores sequi consequatur. Illo et vitae officia qui pariatur minus.', 5, '2018-08-08 08:59:49', '2018-08-08 08:59:49'),
	(18, 10, 'Janet Kshlerin', 'Quas esse quia quas nostrum in ut. Ut ipsum facere dolore voluptas. Sequi qui excepturi quibusdam nihil.', 3, '2018-08-08 08:59:49', '2018-08-08 08:59:49'),
	(19, 13, 'Stephon Schiller III', 'Natus est sed officia totam voluptas commodi. Exercitationem ea ut rerum exercitationem eos qui autem.', 4, '2018-08-08 08:59:49', '2018-08-08 08:59:49'),
	(20, 21, 'Rowan Prohaska', 'Tenetur ut commodi odio blanditiis sint voluptas quia. Ipsam nobis vel expedita quo ut. Consequatur delectus repellendus asperiores soluta. Quas perferendis illo aliquid laborum.', 5, '2018-08-08 08:59:49', '2018-08-08 08:59:49'),
	(21, 48, 'Mrs. Dovie Jast', 'Et eveniet fugiat esse facere id consequuntur enim. Rerum accusamus quo necessitatibus molestiae natus ut. Vitae hic quisquam ut possimus ad.', 4, '2018-08-08 08:59:49', '2018-08-08 08:59:49'),
	(22, 42, 'Elroy Hettinger', 'Aut esse eveniet commodi quia voluptas rerum id. Ratione et itaque expedita eum. Blanditiis sequi error velit molestias ea ex. Consequatur officia fuga corporis quia repudiandae perspiciatis.', 4, '2018-08-08 08:59:49', '2018-08-08 08:59:49'),
	(23, 50, 'Mrs. Herminia Reichel', 'Rerum quidem quaerat excepturi natus ullam aliquid rerum. Dolores error nemo veniam aut enim. Vitae numquam et officiis quibusdam dolorem. Autem aliquid non officiis aut explicabo corrupti.', 2, '2018-08-08 08:59:49', '2018-08-08 08:59:49'),
	(24, 33, 'Barney Schneider', 'Itaque maxime rerum suscipit ex. Nisi eligendi ducimus molestias debitis laboriosam aut eum velit. Vel est debitis expedita ut voluptas unde temporibus.', 1, '2018-08-08 08:59:49', '2018-08-08 08:59:49'),
	(25, 7, 'Aylin Hane', 'Molestias quia ipsum consequatur reiciendis et voluptate cum. Omnis voluptatum voluptas consequatur ut quas voluptas. Aut fugit aperiam est. Iure et distinctio nobis aut excepturi rerum.', 5, '2018-08-08 08:59:49', '2018-08-08 08:59:49'),
	(26, 38, 'Lura Vandervort', 'Expedita laudantium sed et eaque omnis omnis. Laborum quisquam error dicta consequatur deleniti itaque.', 4, '2018-08-08 08:59:49', '2018-08-08 08:59:49'),
	(27, 38, 'Davonte Gleason IV', 'Modi est minima sit. Nobis fuga nihil velit quis et exercitationem delectus. Cumque quam ut provident rerum consequatur. Harum qui accusantium suscipit labore saepe.', 3, '2018-08-08 08:59:49', '2018-08-08 08:59:49'),
	(28, 4, 'Dallas Effertz', 'Reprehenderit dolorum error ab nihil quas mollitia voluptas. Tempora assumenda deleniti quisquam animi dolorum facilis doloremque ex.', 2, '2018-08-08 08:59:49', '2018-08-08 08:59:49'),
	(29, 7, 'Kariane Fadel III', 'Sapiente neque placeat vitae esse fuga eligendi rerum. Esse in iusto sunt. Cum sequi eos repellendus est repellat aut accusamus quibusdam. Et neque natus enim.', 0, '2018-08-08 08:59:49', '2018-08-08 08:59:49'),
	(30, 24, 'Dr. Reanna Krajcik PhD', 'Cumque fugiat sit praesentium aut ut tempora dolores. Dolor molestiae enim alias eius ut.', 3, '2018-08-08 08:59:49', '2018-08-08 08:59:49'),
	(31, 3, 'Prof. Ferne Anderson III', 'Rerum vitae dolore repudiandae ducimus dolorem quia voluptatem. Ut nihil minima pariatur aut nihil et. Sint ratione a et ducimus dicta alias officia. Ipsa facilis consequatur perferendis laborum et et.', 0, '2018-08-08 08:59:49', '2018-08-08 08:59:49'),
	(32, 47, 'Otto Rutherford', 'Sint quia non dignissimos magni id. Excepturi enim ut eligendi omnis impedit maxime ut. Et asperiores nobis sapiente ea eaque quis.', 1, '2018-08-08 08:59:49', '2018-08-08 08:59:49'),
	(33, 26, 'Dr. Tito Price', 'Dolor sit ab perferendis. Voluptatem voluptatem rerum quo non error accusantium. Autem aut aut eos ex.', 2, '2018-08-08 08:59:49', '2018-08-08 08:59:49'),
	(34, 41, 'Maxwell Lynch', 'Aut in tenetur laboriosam nemo nisi quis ipsum. Magnam sequi ea eveniet. Non velit aut neque nihil ut accusantium. Rerum nobis illo cum deserunt consectetur cupiditate quo.', 3, '2018-08-08 08:59:49', '2018-08-08 08:59:49'),
	(35, 11, 'Finn Schaden', 'Soluta a magnam et possimus. Dolores dolorem aperiam sint animi. Aut quis libero dolores provident quis excepturi.', 2, '2018-08-08 08:59:49', '2018-08-08 08:59:49'),
	(36, 32, 'Karl Spinka', 'Id quo nesciunt et autem ducimus consequatur. Dolorem numquam culpa reiciendis amet tempore saepe facilis.', 1, '2018-08-08 08:59:49', '2018-08-08 08:59:49'),
	(37, 19, 'Mr. Elian Watsica', 'Ad corporis et incidunt maxime eos aliquid ipsam. Ut aliquam reiciendis vel aut. Odit tenetur voluptates natus ex animi dolore et. Autem hic amet assumenda sit natus perspiciatis. Eaque et ad et quos est eum quis itaque.', 0, '2018-08-08 08:59:49', '2018-08-08 08:59:49'),
	(38, 18, 'Kayden Bode', 'Tenetur et ad a. Vel iure ea repellat eos. Qui nihil qui et est.', 3, '2018-08-08 08:59:49', '2018-08-08 08:59:49'),
	(39, 33, 'Sean Witting', 'Numquam magnam ab dolor rerum itaque. Est sed distinctio non voluptatum aut. Illum maxime sunt harum dolores labore voluptas minus. Dolor autem architecto cupiditate commodi velit.', 1, '2018-08-08 08:59:50', '2018-08-08 08:59:50'),
	(40, 50, 'Dr. Barton Bruen II', 'Tenetur qui est ex ullam soluta laudantium maxime. Deserunt omnis iusto explicabo error.', 5, '2018-08-08 08:59:50', '2018-08-08 08:59:50'),
	(41, 8, 'Oliver Lang', 'Voluptas nobis esse accusantium facilis amet nam sint officiis. Veniam ea magnam aut voluptas distinctio. Tenetur aut aperiam ut. Non nemo maiores eaque vero facere corporis quis.', 2, '2018-08-08 08:59:50', '2018-08-08 08:59:50'),
	(42, 10, 'Cheyenne Corkery I', 'Totam officia officia iste labore. Cum ut similique aut quis qui. Nihil ut ab omnis cum.', 4, '2018-08-08 08:59:50', '2018-08-08 08:59:50'),
	(43, 37, 'Moriah Boyer', 'Doloribus reprehenderit beatae aut voluptate vel qui assumenda dolores. Quaerat iure velit reiciendis sit et eius. Saepe earum quos quo accusamus placeat.', 4, '2018-08-08 08:59:50', '2018-08-08 08:59:50'),
	(44, 36, 'Ms. Margie Konopelski III', 'Reprehenderit temporibus ducimus id placeat aliquam consectetur. Unde eveniet sed dignissimos. Sit nisi ut rerum magni animi nobis ut sint. Voluptas dolores maiores amet consequuntur odio.', 1, '2018-08-08 08:59:50', '2018-08-08 08:59:50'),
	(45, 33, 'Shad Yundt', 'Est et dolore incidunt adipisci. Voluptate omnis labore ducimus vero velit. Optio possimus omnis natus voluptatem. Aspernatur recusandae quasi sit incidunt.', 1, '2018-08-08 08:59:50', '2018-08-08 08:59:50'),
	(46, 45, 'Cleo Bergstrom MD', 'Voluptatem deleniti provident qui nihil. Dolore rerum dolorem est aut deserunt maxime fugit est. Id qui occaecati repellendus qui. Labore ea id odit harum aut sit itaque.', 2, '2018-08-08 08:59:50', '2018-08-08 08:59:50'),
	(47, 4, 'Kelli Schroeder', 'Reprehenderit deleniti recusandae asperiores eveniet repellendus. Atque eligendi dolores sit ad dolorem dolore ipsa. Vitae illum ipsam consequatur consequuntur ut sapiente.', 4, '2018-08-08 08:59:50', '2018-08-08 08:59:50'),
	(48, 28, 'Hubert Ebert', 'Possimus nesciunt dolores sunt enim placeat provident omnis. Delectus velit nisi cum omnis qui dolores. Pariatur rem a a excepturi quaerat voluptatem velit.', 2, '2018-08-08 08:59:50', '2018-08-08 08:59:50'),
	(49, 10, 'Athena Hessel', 'Debitis commodi quidem accusantium officia et eum. Et illo sunt aliquid nulla. Eum in quam ipsam eveniet minima.', 0, '2018-08-08 08:59:50', '2018-08-08 08:59:50'),
	(50, 9, 'Prof. Franco Welch V', 'Recusandae minima excepturi adipisci consequatur nostrum reprehenderit. Nam nisi ut atque non assumenda voluptatem. Voluptatem expedita autem voluptatem enim odio molestias. A numquam aperiam sunt.', 2, '2018-08-08 08:59:50', '2018-08-08 08:59:50'),
	(51, 30, 'Prof. Art Nolan', 'Ut perspiciatis minus aut ipsa. Hic id veritatis deleniti illum. Dicta illum esse ea et. Aut ratione omnis ratione quam pariatur.', 1, '2018-08-08 08:59:50', '2018-08-08 08:59:50'),
	(52, 20, 'Mr. Landen Kassulke', 'Reprehenderit harum ut repudiandae et maxime. Nam rerum ipsa tempore accusantium voluptas qui. Aut nihil dolorem reiciendis omnis. Veniam totam aut cum labore vel.', 1, '2018-08-08 08:59:50', '2018-08-08 08:59:50'),
	(53, 46, 'Mr. Bertram Christiansen', 'Explicabo est eius ad voluptatem aliquam ut. Ad totam possimus dolores quibusdam voluptatem quam nemo. Delectus autem sit cumque consequuntur error. Incidunt eligendi facere et vitae a.', 0, '2018-08-08 08:59:50', '2018-08-08 08:59:50'),
	(54, 17, 'Mrs. Alysson Wilderman MD', 'Animi sit facere eveniet molestiae. Et unde ipsa exercitationem doloremque. Sunt iusto veritatis nam neque velit maxime maiores. Cum veritatis fugiat non amet qui praesentium fugit eos.', 1, '2018-08-08 08:59:50', '2018-08-08 08:59:50'),
	(55, 23, 'Sylvester White Jr.', 'Debitis rerum illum provident illum. Ratione id corporis voluptatem necessitatibus nam commodi. Et laudantium eius quasi nesciunt magni aliquid quia accusamus. Corporis error qui repellat. Officia rerum fugit tempora aliquam veniam reiciendis.', 5, '2018-08-08 08:59:50', '2018-08-08 08:59:50'),
	(56, 41, 'Mr. Dereck Waelchi PhD', 'Voluptatem sit officiis ab reiciendis sit impedit voluptatem. Aliquid et et quia sit. Numquam nostrum temporibus et laudantium consequuntur. Neque id doloremque soluta aspernatur sed tempora.', 0, '2018-08-08 08:59:50', '2018-08-08 08:59:50'),
	(57, 34, 'Thora Gislason PhD', 'Nobis quaerat architecto autem. Velit id iusto est. Quia ullam odit maiores eum voluptatum officiis.', 5, '2018-08-08 08:59:50', '2018-08-08 08:59:50'),
	(58, 24, 'Martin Auer', 'Et similique illum optio ut quaerat excepturi. Dolore exercitationem vel illum quae id eveniet. Enim rerum voluptates sed aliquid ex esse aperiam. Velit asperiores suscipit consequuntur libero.', 1, '2018-08-08 08:59:50', '2018-08-08 08:59:50'),
	(59, 46, 'Cleora Turcotte', 'Nostrum quia voluptas dolor repellendus. Magni velit nam sunt repudiandae voluptas. Rerum consequuntur reiciendis est.', 0, '2018-08-08 08:59:50', '2018-08-08 08:59:50'),
	(60, 42, 'Diamond Gislason', 'Aut velit consectetur amet adipisci quis odio temporibus nihil. Illo aliquid qui inventore placeat nemo. Hic et nulla omnis voluptates vero voluptates ut.', 3, '2018-08-08 08:59:50', '2018-08-08 08:59:50'),
	(61, 13, 'Sharon Jast', 'Veritatis voluptas et optio minima quae sit. Est a maxime repellendus aliquam repellat voluptas. Repellendus nesciunt impedit rerum necessitatibus dolorem repellendus est pariatur. Consequatur in occaecati illo iure assumenda non.', 4, '2018-08-08 08:59:50', '2018-08-08 08:59:50'),
	(62, 21, 'Nelson Sanford', 'Numquam ut quasi odio dolor non quidem vitae consequatur. Eos dolore ea impedit reprehenderit perspiciatis sunt. Quaerat facere hic aut aperiam. Voluptate cupiditate sit ullam est ducimus et dolorem.', 0, '2018-08-08 08:59:50', '2018-08-08 08:59:50'),
	(63, 22, 'Ms. Lou Abbott IV', 'Quos delectus sint vero voluptas quas. Quo velit veniam deleniti voluptatem consequuntur et qui. Quam iusto perspiciatis omnis libero aut.', 4, '2018-08-08 08:59:50', '2018-08-08 08:59:50'),
	(64, 32, 'Kari Cronin', 'Velit sunt eum est. Et impedit voluptatem quod nemo ut dolor quisquam. Quia quia pariatur debitis totam sint ex dolores.', 4, '2018-08-08 08:59:50', '2018-08-08 08:59:50'),
	(65, 2, 'Dr. Kallie Weimann DDS', 'Officia illum ad quis numquam architecto eos vel. Sed quam a minima cumque minus minima exercitationem dignissimos. Quam fuga earum quia nemo nisi eligendi.', 1, '2018-08-08 08:59:50', '2018-08-08 08:59:50'),
	(66, 25, 'Trudie Collier III', 'Dolores maiores sapiente corporis inventore consequatur corporis reiciendis. Quod aspernatur sunt accusantium maiores ut eos. In cum ut sed nisi.', 4, '2018-08-08 08:59:50', '2018-08-08 08:59:50'),
	(67, 47, 'Kieran Cartwright', 'Quibusdam dolorem culpa fuga est. Aliquam blanditiis tempore possimus nesciunt a impedit quas aliquid.', 2, '2018-08-08 08:59:50', '2018-08-08 08:59:50'),
	(68, 26, 'Dr. Jensen Beahan', 'Possimus sapiente doloremque dolor quos dolor repudiandae vel ab. Molestiae ut cum ea et quibusdam sed hic. Perferendis magni commodi et eos esse minus quia.', 4, '2018-08-08 08:59:50', '2018-08-08 08:59:50'),
	(69, 26, 'Jess Ritchie', 'Quasi debitis rerum quas aut quos magnam nam. Modi facere eum et dolor ex modi in. Sit alias enim sed error et delectus. Est quidem est blanditiis nihil sit.', 3, '2018-08-08 08:59:50', '2018-08-08 08:59:50'),
	(70, 20, 'Lafayette Rippin', 'Id incidunt error qui excepturi et modi. Qui eum quisquam ducimus voluptatem cupiditate sint. Laboriosam consequatur unde id. Aspernatur nobis necessitatibus rerum laudantium nihil.', 4, '2018-08-08 08:59:50', '2018-08-08 08:59:50'),
	(71, 19, 'Casey Fahey', 'Expedita porro qui officiis rem repudiandae laudantium voluptas ea. At officia quia et architecto voluptas. Similique voluptatibus amet non consequatur voluptas quaerat aut.', 2, '2018-08-08 08:59:50', '2018-08-08 08:59:50'),
	(72, 13, 'Morton Wisozk', 'Ex quibusdam incidunt explicabo nostrum numquam. Ut voluptatem consequatur voluptatem occaecati.', 4, '2018-08-08 08:59:50', '2018-08-08 08:59:50'),
	(73, 1, 'Stefan Harber III', 'Eaque sapiente repudiandae ducimus fugiat. Voluptatum maiores illo dicta beatae. Nihil aut delectus illum ducimus nam dolor. Ut est necessitatibus natus voluptatem.', 2, '2018-08-08 08:59:50', '2018-08-08 08:59:50'),
	(74, 11, 'Mrs. Duane Harvey V', 'Qui et id sint odio ad eum est. Harum quaerat laudantium dolorem et qui nisi harum. Ipsam qui facere earum.', 2, '2018-08-08 08:59:50', '2018-08-08 08:59:50'),
	(75, 2, 'Dashawn Dickinson', 'Commodi alias sapiente unde quidem commodi est ipsam. Sint temporibus quia iure. Quo vitae eius voluptates libero dolores sed fugit aut. Qui temporibus magni voluptatem fuga dolorem ratione quia.', 4, '2018-08-08 08:59:50', '2018-08-08 08:59:50'),
	(76, 49, 'Dr. Monique Wisoky', 'Provident aut doloribus velit modi et eaque aut veritatis. Sed qui consequatur velit voluptatibus voluptas maxime. Est ducimus quas non explicabo rerum maxime nihil. Consectetur et quibusdam in dolor accusamus.', 2, '2018-08-08 08:59:50', '2018-08-08 08:59:50'),
	(77, 48, 'Johnathon O\'Reilly', 'Modi quae exercitationem molestiae eaque quod. Sit quos tempora commodi maiores. Possimus ut minus voluptatem at distinctio. Illum qui facilis eos.', 1, '2018-08-08 08:59:50', '2018-08-08 08:59:50'),
	(78, 16, 'Mr. Monserrat Conn II', 'Quas at dolorem voluptas aut deleniti labore veniam. In tenetur ipsam et vitae numquam nemo. Quia est laboriosam excepturi aperiam doloremque aut.', 2, '2018-08-08 08:59:50', '2018-08-08 08:59:50'),
	(79, 46, 'Mr. Jonathan Schmidt', 'Impedit necessitatibus et temporibus. Corporis culpa assumenda autem voluptas sequi aut vel. Ea qui perferendis temporibus maxime nihil neque.', 1, '2018-08-08 08:59:50', '2018-08-08 08:59:50'),
	(80, 17, 'Mr. Hassan Quitzon', 'Omnis blanditiis praesentium molestiae harum. Dolorum inventore id quia modi aut ex.', 0, '2018-08-08 08:59:50', '2018-08-08 08:59:50'),
	(81, 45, 'Mr. Carol Goyette I', 'Tempora dolores quasi mollitia nulla amet. Nobis et enim animi inventore nesciunt. Nihil vel necessitatibus earum sunt illo rerum.', 4, '2018-08-08 08:59:50', '2018-08-08 08:59:50'),
	(82, 47, 'Waylon Kling', 'Perferendis quo ut fugit. Qui possimus aspernatur sed sit dolorem ab natus dolore. Illo et blanditiis eaque tempore beatae labore.', 2, '2018-08-08 08:59:50', '2018-08-08 08:59:50'),
	(83, 32, 'Jaquelin Kutch Jr.', 'Blanditiis ab perspiciatis hic nulla nobis. Debitis dolor aut impedit perspiciatis velit. Dicta et quia omnis quos. Facere enim ut et impedit facilis.', 5, '2018-08-08 08:59:50', '2018-08-08 08:59:50'),
	(84, 12, 'Dr. Jeffrey Welch DVM', 'Consequuntur et quis aut possimus ipsa. Magni fuga itaque est inventore. Rerum sapiente velit et consequuntur nobis blanditiis. Suscipit necessitatibus officiis fuga et eum beatae.', 4, '2018-08-08 08:59:50', '2018-08-08 08:59:50'),
	(85, 15, 'Garfield Kshlerin', 'Eveniet qui molestias ipsa laudantium. Autem iure quis sint dolorem officiis illo.', 4, '2018-08-08 08:59:50', '2018-08-08 08:59:50'),
	(86, 14, 'Miss Dannie Friesen DDS', 'Eaque perferendis aut unde et eligendi dolorem. Et veritatis sit rerum ipsa odit autem cumque enim. Sit et ipsam iure dolore.', 0, '2018-08-08 08:59:50', '2018-08-08 08:59:50'),
	(87, 8, 'Elvie Dicki', 'Qui sint omnis inventore dolor. Cum et officiis earum eligendi repudiandae expedita sunt. Neque soluta corporis totam qui esse.', 0, '2018-08-08 08:59:50', '2018-08-08 08:59:50'),
	(88, 27, 'Ora Turner', 'Omnis modi laborum omnis. Mollitia rerum placeat voluptas optio et commodi. Rem facere at velit non deserunt.', 4, '2018-08-08 08:59:50', '2018-08-08 08:59:50'),
	(89, 6, 'Kim Harris Sr.', 'Voluptatem facere facere labore quisquam qui expedita commodi. Quisquam vel nisi ea aut dicta et odio.', 4, '2018-08-08 08:59:50', '2018-08-08 08:59:50'),
	(90, 10, 'Nola Conroy', 'Voluptas labore ut aut in. Sit eum aperiam et architecto qui ea. Ipsum velit eaque nemo aliquam ut. Facilis quae et perferendis dicta voluptatem qui optio cum.', 5, '2018-08-08 08:59:50', '2018-08-08 08:59:50'),
	(91, 42, 'Lucie Schiller', 'Explicabo ut accusamus voluptas sit architecto et. Illum ipsam autem soluta et molestiae eveniet. Tempora ipsam non praesentium et. Eaque enim ipsum sint fugiat non.', 2, '2018-08-08 08:59:50', '2018-08-08 08:59:50'),
	(92, 25, 'Mr. Leonel Quigley', 'Ratione deleniti quibusdam est recusandae praesentium neque alias voluptatibus. Labore aut voluptas est eos id aliquid qui. Et iusto molestiae corporis facere harum. Porro quisquam repellat quod eos eaque.', 5, '2018-08-08 08:59:50', '2018-08-08 08:59:50'),
	(93, 4, 'Mr. Keyon Hartmann', 'Omnis doloribus repudiandae dignissimos provident maiores pariatur. Sunt quas culpa at ipsam eligendi. Animi nisi ut voluptate consequuntur unde. Magni incidunt numquam distinctio ut.', 3, '2018-08-08 08:59:50', '2018-08-08 08:59:50'),
	(94, 38, 'Joanne Schamberger IV', 'Tempora in fugiat voluptatem exercitationem et iste unde. Modi quia ut magni quia. Quo vel facere tenetur quidem. Accusamus itaque minima cum similique ipsa qui necessitatibus.', 5, '2018-08-08 08:59:50', '2018-08-08 08:59:50'),
	(95, 9, 'Bianka Ferry PhD', 'Nobis neque maxime accusamus laudantium ab nobis praesentium. Accusantium necessitatibus nulla nesciunt eius aut saepe ea. Ipsum quia eaque dolores.', 2, '2018-08-08 08:59:50', '2018-08-08 08:59:50'),
	(96, 38, 'Verona Schmeler', 'Exercitationem sit et sequi harum labore fuga totam. Rerum quia doloribus ex laboriosam. Excepturi sit et ipsa aut sunt enim consequuntur. Dignissimos nobis iste qui enim.', 4, '2018-08-08 08:59:50', '2018-08-08 08:59:50'),
	(97, 7, 'Monserrat Miller', 'Dolore officia eius fuga laborum natus in ullam non. Expedita dolores illo dolores pariatur non ea ratione. Enim non incidunt nam suscipit atque consequatur quia.', 1, '2018-08-08 08:59:50', '2018-08-08 08:59:50'),
	(98, 26, 'Selmer Kunde', 'Quis tempora doloribus eaque reiciendis voluptatem assumenda. Distinctio cumque est nihil et iste. Explicabo laudantium animi quia ullam eum eveniet neque. Quia id quibusdam pariatur exercitationem tenetur dolores.', 4, '2018-08-08 08:59:50', '2018-08-08 08:59:50'),
	(99, 46, 'Vallie Christiansen', 'Necessitatibus quia sed quae laudantium. Molestias ut hic reiciendis impedit. Molestias et ut esse rem sed eius. Error iste aut iure veritatis quod non.', 1, '2018-08-08 08:59:50', '2018-08-08 08:59:50'),
	(100, 44, 'Kimberly Emard', 'Id minima molestias libero nobis cupiditate. Pariatur est cum quia sunt expedita rerum. Vel hic earum ipsam voluptatum ut eum.', 0, '2018-08-08 08:59:50', '2018-08-08 08:59:50'),
	(101, 45, 'Kaela Volkman', 'Nesciunt doloremque laborum nobis et voluptate blanditiis. Sed qui soluta asperiores. Quis voluptate qui modi repellendus ex aut quisquam. Fugit hic ullam deserunt illum. Suscipit quidem ducimus ut sunt minus magni quisquam.', 1, '2018-08-08 08:59:50', '2018-08-08 08:59:50'),
	(102, 28, 'Joseph Hickle', 'Consequatur dolores reiciendis quo mollitia. Quis aut id dicta modi. Consequatur corporis consectetur necessitatibus qui quae. Beatae et ut sed dolorem veniam dolores inventore.', 4, '2018-08-08 08:59:50', '2018-08-08 08:59:50'),
	(103, 50, 'Stevie Robel', 'Tempore quam eos ut temporibus impedit. Omnis aut quo quas culpa aut similique accusantium nam. Earum quam non dolores qui dolores voluptatem. Dolor repellat impedit unde tempore libero est.', 1, '2018-08-08 08:59:50', '2018-08-08 08:59:50'),
	(104, 24, 'Katelin Labadie', 'Explicabo alias impedit ipsam. Eligendi consequatur tempora sit explicabo. Eos adipisci et ab ab. Earum iusto voluptas maxime omnis nihil.', 4, '2018-08-08 08:59:50', '2018-08-08 08:59:50'),
	(105, 10, 'Dr. Darion Hermiston', 'Cumque voluptatibus eveniet adipisci qui doloremque. Optio aut adipisci et aliquam. Culpa consequuntur excepturi incidunt nihil.', 0, '2018-08-08 08:59:50', '2018-08-08 08:59:50'),
	(106, 23, 'Madie Yundt', 'Beatae veniam consequuntur voluptatem repudiandae autem. Molestiae praesentium eum eveniet fuga nobis. Ratione cumque soluta quia nesciunt et.', 2, '2018-08-08 08:59:50', '2018-08-08 08:59:50'),
	(107, 2, 'Maureen Goodwin MD', 'Doloremque velit aut veniam repellat aut laborum laboriosam. Iste alias eum aut dolore necessitatibus. Voluptatem quibusdam laudantium neque ut ut quam. Temporibus mollitia porro numquam recusandae sint optio vel.', 5, '2018-08-08 08:59:50', '2018-08-08 08:59:50'),
	(108, 41, 'Prof. Jeanne Friesen DVM', 'Sunt nisi id vitae non ducimus consectetur saepe. Possimus et placeat eligendi atque incidunt. Culpa incidunt praesentium voluptate asperiores. Et recusandae voluptas dolor eius error harum dolores. Possimus corrupti ut magnam ut.', 4, '2018-08-08 08:59:50', '2018-08-08 08:59:50'),
	(109, 15, 'Cordell Roob II', 'Enim maiores tempore cum dolores ipsam voluptatum. Autem molestiae aliquid ut est laboriosam quod. Placeat culpa et et inventore autem voluptatem. Quos magnam quia veritatis temporibus est.', 0, '2018-08-08 08:59:50', '2018-08-08 08:59:50'),
	(110, 7, 'Ms. Mable Yundt', 'Esse itaque sit minus qui reprehenderit dolor ut. Voluptas modi qui architecto quasi alias consequatur. Eos facere dolorem repudiandae dolor id quam.', 5, '2018-08-08 08:59:50', '2018-08-08 08:59:50'),
	(111, 19, 'Prof. Johnny Ullrich', 'Voluptatum facilis amet enim omnis aliquam aut modi. Fugiat fugiat repellat odit autem ea deleniti qui. Necessitatibus aspernatur sequi aliquam magnam. Blanditiis nihil consequatur rerum dolore. At rerum et reprehenderit est doloribus aut enim.', 0, '2018-08-08 08:59:50', '2018-08-08 08:59:50'),
	(112, 15, 'Miss Caleigh Huel', 'Iste suscipit vero deserunt. Esse quo vel ea voluptatem nobis et. Perferendis ducimus voluptatem voluptas delectus. Sed aut architecto laborum in.', 3, '2018-08-08 08:59:50', '2018-08-08 08:59:50'),
	(113, 23, 'Wade Walker', 'Molestiae eum voluptatem atque voluptatum dolores quo delectus. Consequatur quia voluptatum quasi et ut ut. Provident facilis molestias rem facere velit deserunt. Neque iste rerum tempora facere animi.', 1, '2018-08-08 08:59:50', '2018-08-08 08:59:50'),
	(114, 33, 'Aniyah White', 'Aut tenetur voluptas perspiciatis itaque. Enim molestias nostrum velit eos eius. Maxime qui aut voluptatem occaecati.', 4, '2018-08-08 08:59:50', '2018-08-08 08:59:50'),
	(115, 19, 'Wilfrid Reichert', 'Enim sunt voluptates esse. Et eos aut odio ipsum et omnis aperiam distinctio. Laudantium soluta animi architecto numquam iste ducimus.', 2, '2018-08-08 08:59:50', '2018-08-08 08:59:50'),
	(116, 39, 'Era Armstrong', 'Quas nam laborum iusto expedita necessitatibus. Reprehenderit nostrum eius et enim laborum aut et. Autem voluptatem occaecati et tempore maxime molestiae aut numquam. Sunt sed ut qui facere sed. Quis quas eveniet dolor exercitationem earum qui aliquid exercitationem.', 3, '2018-08-08 08:59:50', '2018-08-08 08:59:50'),
	(117, 50, 'Mr. Bertram Boyer Jr.', 'Est accusantium delectus ut eum. Ut corporis ut ut. Excepturi ut velit consequuntur velit magni voluptatum eos. In soluta aut dolor iste in. Officia architecto porro aperiam qui praesentium impedit ratione magni.', 3, '2018-08-08 08:59:50', '2018-08-08 08:59:50'),
	(118, 15, 'Milford Collins', 'Odit id ipsum delectus laborum pariatur sed et. Voluptatibus sed perferendis recusandae voluptatem voluptatem. Commodi voluptate aliquid recusandae vel incidunt esse.', 1, '2018-08-08 08:59:50', '2018-08-08 08:59:50'),
	(119, 42, 'Wendy Erdman Jr.', 'Aperiam eos deleniti cumque quos. Iure cumque aut et nisi. Dolores quae qui impedit natus dolorum ut iure.', 2, '2018-08-08 08:59:50', '2018-08-08 08:59:50'),
	(120, 14, 'Brody Batz PhD', 'Et nihil neque ipsam et. Voluptatibus voluptates est facere blanditiis exercitationem. Vero nihil eum velit et ipsum a.', 5, '2018-08-08 08:59:50', '2018-08-08 08:59:50'),
	(121, 48, 'Prof. Everett Willms DVM', 'Autem ut alias deleniti alias culpa repudiandae. Exercitationem qui ad voluptas voluptatum accusantium. Culpa animi saepe delectus est officiis unde. Minus facere odio accusamus reiciendis.', 4, '2018-08-08 08:59:50', '2018-08-08 08:59:50'),
	(122, 32, 'Quentin Kiehn DVM', 'Minima saepe sit minima maxime sed. Vel nobis beatae harum in maiores illum aliquid suscipit. Libero eos ut cupiditate ut libero sint voluptatum.', 1, '2018-08-08 08:59:50', '2018-08-08 08:59:50'),
	(123, 15, 'Emilio Gislason', 'Qui odio quae et. Consectetur veniam itaque eos repellat. In accusamus sint accusamus magnam. Quo sunt et optio commodi. Aut dicta amet atque eveniet expedita est aut.', 0, '2018-08-08 08:59:50', '2018-08-08 08:59:50'),
	(124, 33, 'Mireya Wilkinson II', 'Maiores et itaque rerum. Ab debitis est assumenda est repellendus non magni officiis. Sit optio neque autem et. Facere velit neque veritatis optio consequuntur distinctio. Velit et voluptates perferendis aut ad consequatur qui.', 0, '2018-08-08 08:59:50', '2018-08-08 08:59:50'),
	(125, 32, 'Dorothea Glover', 'Optio est velit et. Eum animi officiis voluptate distinctio et fugit et. Rerum nihil adipisci quisquam exercitationem. Eos aliquam molestiae et adipisci.', 4, '2018-08-08 08:59:50', '2018-08-08 08:59:50'),
	(126, 4, 'Dr. Schuyler Donnelly DDS', 'Ea ut minima voluptas nemo odit modi quo. Quo voluptas est ea qui labore omnis. Ad quia facere eaque sit.', 0, '2018-08-08 08:59:50', '2018-08-08 08:59:50'),
	(127, 31, 'Katrina Kunde', 'Magni officia est amet facere est sint dolores. Unde quas facilis sed possimus accusamus. Odit ut ut cumque corporis totam ab.', 0, '2018-08-08 08:59:50', '2018-08-08 08:59:50'),
	(128, 42, 'Chasity Mohr', 'Eius tenetur dolor laboriosam labore. Animi fuga fugit aperiam aut inventore magnam. Assumenda perspiciatis exercitationem maiores repellendus qui sunt. Quam ipsa et minima accusantium ab.', 0, '2018-08-08 08:59:50', '2018-08-08 08:59:50'),
	(129, 21, 'Kaelyn Jacobs', 'Dicta non consequatur qui amet. Ducimus maxime velit at iusto rerum. Assumenda eum non expedita est fugiat doloribus. Ea dolores ipsam nulla ab libero dicta rem.', 1, '2018-08-08 08:59:50', '2018-08-08 08:59:50'),
	(130, 22, 'Mellie Effertz', 'Velit odit enim dicta non aut. Aspernatur in alias porro quaerat ut. Reiciendis qui amet dolor illo ullam id repudiandae.', 0, '2018-08-08 08:59:50', '2018-08-08 08:59:50'),
	(131, 18, 'Dr. Terrill Balistreri', 'Laborum quaerat praesentium nulla quaerat est. Distinctio dolores tempore velit sapiente perspiciatis ut id repellat. Molestiae doloremque aut necessitatibus minus dolores quia. Tenetur voluptatem nostrum quia neque dolorem voluptas.', 0, '2018-08-08 08:59:50', '2018-08-08 08:59:50'),
	(132, 32, 'Prof. Jerald Watsica V', 'Et sint voluptates non odio ad vero ut. Perspiciatis ut sunt vel aut debitis cum.', 2, '2018-08-08 08:59:50', '2018-08-08 08:59:50'),
	(133, 23, 'Krystel Kuhic', 'Quos corrupti nostrum adipisci sunt. Laborum eum autem error quas expedita sed. Eligendi sit aut et assumenda.', 0, '2018-08-08 08:59:50', '2018-08-08 08:59:50'),
	(134, 34, 'Lue Okuneva V', 'Enim quo repellendus est et sit. Magnam et velit veniam officia rerum. Vero est et excepturi et. Asperiores vel corrupti voluptas voluptatibus non.', 0, '2018-08-08 08:59:50', '2018-08-08 08:59:50'),
	(135, 30, 'Santiago Hartmann PhD', 'Explicabo at mollitia laboriosam molestiae. Eum velit illum magni vel neque enim reiciendis. Quibusdam voluptates qui perspiciatis commodi enim quo culpa.', 3, '2018-08-08 08:59:50', '2018-08-08 08:59:50'),
	(136, 32, 'Hudson Marvin I', 'Cupiditate voluptate ex debitis exercitationem id. Sunt quisquam maxime quasi distinctio quibusdam est. Doloribus nostrum id reprehenderit voluptas recusandae.', 2, '2018-08-08 08:59:50', '2018-08-08 08:59:50'),
	(137, 1, 'Maida Kutch', 'Culpa asperiores et assumenda aut cumque ratione. Autem voluptas suscipit tenetur minima. Cupiditate tempore occaecati similique ut ipsum impedit praesentium. Aperiam earum autem quia consequatur natus. Sit ducimus qui repudiandae voluptas eveniet voluptate soluta.', 0, '2018-08-08 08:59:50', '2018-08-08 08:59:50'),
	(138, 40, 'Jaunita Stark', 'Vel quis nobis est rerum nostrum sed aperiam. Impedit a distinctio ut nesciunt odio. Voluptate nihil vel facilis quae. Nisi voluptas perspiciatis earum aspernatur at laboriosam.', 4, '2018-08-08 08:59:50', '2018-08-08 08:59:50'),
	(139, 29, 'Willard Muller', 'Corporis alias harum inventore vel sunt sunt optio. Impedit repudiandae error reprehenderit officia non. Harum quasi eum nihil enim at quisquam et. Sit rerum ea iure est dolorem repellat et.', 3, '2018-08-08 08:59:50', '2018-08-08 08:59:50'),
	(140, 17, 'Evie Hartmann', 'A repellendus ducimus qui. Atque earum modi architecto iure velit. A dolores tempore voluptas provident neque. Quisquam placeat porro illum dolorum.', 1, '2018-08-08 08:59:50', '2018-08-08 08:59:50'),
	(141, 18, 'Alessandra Lebsack', 'Quis odit temporibus impedit omnis. Et facere veniam deserunt totam ut delectus. Nulla quae quia atque a quia.', 3, '2018-08-08 08:59:50', '2018-08-08 08:59:50'),
	(142, 2, 'Abigail Aufderhar', 'Dolor totam harum dicta at. Autem dolore et natus id libero. Laudantium rem eaque suscipit corporis quis enim.', 5, '2018-08-08 08:59:50', '2018-08-08 08:59:50'),
	(143, 39, 'Mr. Mohammed Hintz', 'Tempore deleniti harum natus natus ex sit. Cum earum recusandae voluptate. Similique illum sed sit non ut cum et. Deserunt laboriosam dolores voluptatem quam eum itaque. Rerum doloremque nihil dignissimos accusantium aut et expedita.', 3, '2018-08-08 08:59:50', '2018-08-08 08:59:50'),
	(144, 34, 'Edyth Goodwin', 'Commodi est maiores et distinctio blanditiis. Culpa temporibus in vel est doloribus. Qui nisi iure rerum tenetur quia autem.', 3, '2018-08-08 08:59:50', '2018-08-08 08:59:50'),
	(145, 14, 'Mr. Maximus Schowalter Jr.', 'Illum et debitis aperiam sint sint. Tenetur tempora et illum et omnis rem. Et officia ipsum placeat aut voluptas sit quia.', 2, '2018-08-08 08:59:50', '2018-08-08 08:59:50'),
	(146, 12, 'Dr. Waylon Willms DVM', 'Quam quasi incidunt et dolore aut qui quis. Odit nihil officia tenetur tenetur sed reprehenderit exercitationem. Consequuntur odit sit qui commodi.', 3, '2018-08-08 08:59:50', '2018-08-08 08:59:50'),
	(147, 4, 'Dejon Lehner', 'Tempora itaque et sit mollitia. Dolorem voluptate excepturi mollitia facere consequuntur est aliquid assumenda. Est et dicta consequatur ut architecto.', 1, '2018-08-08 08:59:50', '2018-08-08 08:59:50'),
	(148, 17, 'Damon Goldner III', 'Illum aspernatur sit iure voluptate temporibus. Facere commodi sunt architecto ipsum quia rerum et. Sint suscipit omnis soluta aut sit corrupti.', 3, '2018-08-08 08:59:50', '2018-08-08 08:59:50'),
	(149, 39, 'Prof. Riley Watsica', 'Molestiae sint natus libero error. Dignissimos atque sit mollitia ut sed aperiam. Est deserunt in ex natus.', 4, '2018-08-08 08:59:50', '2018-08-08 08:59:50'),
	(150, 6, 'Linwood Reichel', 'Perspiciatis impedit pariatur sunt omnis nemo consequatur ratione. Quasi temporibus qui nostrum maiores. Quibusdam eligendi ut voluptate sapiente qui ut.', 1, '2018-08-08 08:59:50', '2018-08-08 08:59:50'),
	(151, 8, 'Mr. Hilbert Emard I', 'Totam ducimus iure totam consequatur quo omnis. Aliquam blanditiis ut aspernatur et. Occaecati rem doloribus a vero ratione. Eum voluptatem delectus voluptatem.', 5, '2018-08-08 08:59:50', '2018-08-08 08:59:50'),
	(152, 25, 'Mr. Gregory Hilpert', 'Debitis quia natus et. Commodi aliquam vero et dolorum. Hic et officiis quo sint quae perferendis unde et. Recusandae dolorum in quae natus ut suscipit qui esse.', 1, '2018-08-08 08:59:50', '2018-08-08 08:59:50'),
	(153, 9, 'Selmer Daugherty', 'Ut libero sunt hic illo. Voluptate blanditiis dolor magnam doloremque commodi ea.', 0, '2018-08-08 08:59:50', '2018-08-08 08:59:50'),
	(154, 22, 'Ladarius Grimes Jr.', 'Corporis dolor facere adipisci est illum dolor doloribus qui. Ullam rerum libero non sunt suscipit autem ut. Quo voluptate ut et soluta sed blanditiis aut. Facere cum minus quis quis velit ut.', 2, '2018-08-08 08:59:50', '2018-08-08 08:59:50'),
	(155, 33, 'Stacy Goldner', 'Illo dicta neque unde accusamus voluptatibus repellendus. Quidem autem quis voluptatibus porro. Cumque expedita a dolore vitae aut dolorum veritatis eaque.', 3, '2018-08-08 08:59:50', '2018-08-08 08:59:50'),
	(156, 49, 'Prof. Giovanna Hills', 'Nihil impedit voluptas sequi pariatur sunt ea error quo. Voluptas qui placeat ab ea nihil magni beatae.', 5, '2018-08-08 08:59:50', '2018-08-08 08:59:50'),
	(157, 41, 'Amina Crooks', 'Consequatur et et tenetur suscipit consequuntur. Ea ex suscipit voluptatem sed omnis cupiditate. Ut ipsa nostrum quisquam. Fuga provident quae et possimus earum eum exercitationem magni.', 5, '2018-08-08 08:59:50', '2018-08-08 08:59:50'),
	(158, 28, 'Kelvin Ortiz', 'Voluptas quam sit illo blanditiis modi sapiente et. Consectetur nobis animi qui sed. In et minus placeat nostrum iusto nam repellendus dignissimos.', 1, '2018-08-08 08:59:50', '2018-08-08 08:59:50'),
	(159, 10, 'Aaliyah Witting', 'Maiores aut rem inventore. Et vitae aut ea sed. Iure dolorum corrupti et similique blanditiis mollitia. Et eligendi et non fugiat accusamus. Cupiditate minus sint non repellat.', 1, '2018-08-08 08:59:50', '2018-08-08 08:59:50'),
	(160, 43, 'Rocky Krajcik', 'Maxime qui molestiae ducimus deleniti repellat iste. Voluptas qui autem voluptate suscipit. Nam quis voluptate et veritatis impedit sunt.', 5, '2018-08-08 08:59:50', '2018-08-08 08:59:50'),
	(161, 50, 'Rosa Lehner II', 'Ut omnis neque ut impedit qui. Eligendi quisquam aut et et laudantium tenetur. Suscipit quo et in qui odio quod est. Eligendi animi sequi et dolorem doloribus laborum.', 4, '2018-08-08 08:59:50', '2018-08-08 08:59:50'),
	(162, 31, 'Reva Kreiger', 'Voluptates suscipit placeat id. Molestias sunt ut modi voluptas quasi nihil similique. Provident est exercitationem accusantium quo aut molestias repellat nostrum. Unde nisi quis quo veritatis enim asperiores tenetur. Rerum voluptas aut accusamus et.', 5, '2018-08-08 08:59:50', '2018-08-08 08:59:50'),
	(163, 24, 'Ms. Pearl Zemlak', 'Aut omnis culpa temporibus et fugiat expedita. Facere quae qui modi nihil alias debitis excepturi. Excepturi minus porro perferendis sapiente sequi sint.', 3, '2018-08-08 08:59:50', '2018-08-08 08:59:50'),
	(164, 48, 'Albin Hodkiewicz', 'Qui earum est repellat illo dolor. Qui itaque libero nulla. Sequi omnis enim minus fugit quo ea hic.', 1, '2018-08-08 08:59:50', '2018-08-08 08:59:50'),
	(165, 2, 'Oren Leuschke', 'Et vero officia facilis molestias dolores. Blanditiis in et ut reprehenderit ipsum consequatur blanditiis. Et amet veritatis consequatur et. Ex optio iste repudiandae harum ut aut mollitia.', 0, '2018-08-08 08:59:50', '2018-08-08 08:59:50'),
	(166, 26, 'Loyce Schaefer', 'Vero eius aut sequi odio qui molestias incidunt ad. Amet commodi tenetur assumenda et facere voluptas. Aspernatur nostrum nesciunt non earum reiciendis adipisci itaque. Atque deleniti et quae nemo ut.', 2, '2018-08-08 08:59:50', '2018-08-08 08:59:50'),
	(167, 49, 'Myah Miller', 'Deleniti ipsa eos nihil incidunt reiciendis. Quod placeat et dolorem totam omnis dolores delectus ut. Voluptas totam nam qui officia. Enim cupiditate error consequatur provident doloribus omnis quasi.', 3, '2018-08-08 08:59:50', '2018-08-08 08:59:50'),
	(168, 20, 'Jefferey Hoppe III', 'Repellendus quas aut quo. Eum dolores debitis eos. Enim rerum ipsum temporibus consequatur.', 2, '2018-08-08 08:59:50', '2018-08-08 08:59:50'),
	(169, 39, 'Prof. Bailey Hayes', 'Quasi fugit aut magni quia aut quaerat aliquid rerum. Excepturi quia enim tenetur blanditiis dolore. Id dolor architecto et nihil est sed consequatur. Dicta hic consequuntur aut accusamus.', 4, '2018-08-08 08:59:50', '2018-08-08 08:59:50'),
	(170, 14, 'Jean Bayer', 'Sunt maiores corrupti natus ullam magnam placeat tenetur. Sit voluptatem et asperiores commodi doloremque praesentium. Voluptas dolores consequatur tempora vel aperiam. Accusantium ratione aspernatur qui esse hic.', 4, '2018-08-08 08:59:50', '2018-08-08 08:59:50'),
	(171, 49, 'Miss Dianna Considine IV', 'Excepturi corporis molestiae qui corporis debitis. Quia ea sequi quasi vel molestiae cupiditate. Quia delectus qui autem quae qui dignissimos id. Et repudiandae aut fugiat quibusdam quo.', 1, '2018-08-08 08:59:50', '2018-08-08 08:59:50'),
	(172, 42, 'Jaylan Cummings', 'Voluptatum voluptatem et occaecati excepturi veritatis quisquam dolores. Labore consequatur incidunt nesciunt aliquam.', 2, '2018-08-08 08:59:50', '2018-08-08 08:59:50'),
	(173, 10, 'Chanelle Murazik', 'Aut magnam perferendis voluptas mollitia sint aut. Tempore enim id sed blanditiis pariatur modi dolores quas. Et repellat aut corporis expedita minus illum consequatur odit. Earum modi eligendi vero est et.', 2, '2018-08-08 08:59:50', '2018-08-08 08:59:50'),
	(174, 1, 'Ressie Green I', 'Cum consequatur cupiditate quod error. Quis quis ut quia nam reiciendis velit. Assumenda possimus velit tempora.', 5, '2018-08-08 08:59:50', '2018-08-08 08:59:50'),
	(175, 19, 'Ernest Hessel Jr.', 'Autem molestiae unde odit reprehenderit provident. Distinctio error aspernatur dolorem iste. Ut voluptatibus deleniti perferendis sint.', 5, '2018-08-08 08:59:50', '2018-08-08 08:59:50'),
	(176, 14, 'Mr. Maxine Ullrich I', 'Aut voluptatibus saepe voluptatibus et esse. Enim ea qui hic autem dolor sint corrupti. Aliquid minus eligendi ullam quia et et voluptate. Quaerat iste eaque qui velit fugit nihil autem.', 0, '2018-08-08 08:59:50', '2018-08-08 08:59:50'),
	(177, 44, 'Viola Orn', 'Itaque aspernatur id dolor maxime. Unde aut temporibus ducimus dolorem ipsum dolores beatae. Aut corrupti quod earum dicta ipsam voluptates sunt. Mollitia ut explicabo tempora occaecati.', 2, '2018-08-08 08:59:50', '2018-08-08 08:59:50'),
	(178, 26, 'Dominique Heller', 'Recusandae et et non dolorum vero nihil dignissimos. Dicta expedita accusamus modi molestiae eum praesentium. Non soluta quaerat fuga voluptas.', 1, '2018-08-08 08:59:50', '2018-08-08 08:59:50'),
	(179, 47, 'Suzanne Schmidt MD', 'Dignissimos voluptas deserunt ratione hic cum qui. Tempore suscipit nulla quia. Consequatur odit eos qui voluptates perferendis numquam possimus. Quaerat quisquam illum exercitationem nulla. Assumenda voluptas accusamus esse doloribus vero.', 4, '2018-08-08 08:59:50', '2018-08-08 08:59:50'),
	(180, 17, 'Jena Morar', 'At placeat molestias non a quis qui nihil aut. Qui nulla in laborum neque ipsa ipsam perferendis aut. Eos quo fugiat quia. Sed blanditiis porro officiis velit.', 0, '2018-08-08 08:59:50', '2018-08-08 08:59:50'),
	(181, 30, 'Asha Bogan', 'Hic aut incidunt quae libero ut dolor voluptates. Facere voluptas doloribus cumque qui. Sunt eaque consequatur esse tenetur. Delectus facere laudantium explicabo quos repellendus.', 4, '2018-08-08 08:59:50', '2018-08-08 08:59:50'),
	(182, 45, 'Prof. Brandt Marquardt', 'Illo velit repellendus a et. Enim ea unde quibusdam non totam quam. Mollitia deserunt aut repellat sed.', 1, '2018-08-08 08:59:50', '2018-08-08 08:59:50'),
	(183, 41, 'Andres Kreiger', 'Incidunt odit dolores ullam sapiente nihil. Ratione nisi sed qui. Sed architecto hic beatae voluptas eum fuga laudantium. Facere iusto sint sit repellendus assumenda facilis aut.', 2, '2018-08-08 08:59:50', '2018-08-08 08:59:50'),
	(184, 14, 'Abdul Jacobson', 'Reprehenderit sed eius excepturi consectetur consectetur. Voluptatibus architecto in dolor voluptas. Necessitatibus quia sint et minima. Ut molestias omnis culpa exercitationem quo laudantium nulla.', 1, '2018-08-08 08:59:50', '2018-08-08 08:59:50'),
	(185, 7, 'Marian Schaden', 'Eaque iusto enim consectetur animi dolorem enim perferendis soluta. In debitis est explicabo earum debitis. Delectus quisquam at voluptas rerum voluptatum dolorem.', 2, '2018-08-08 08:59:50', '2018-08-08 08:59:50'),
	(186, 16, 'America Jacobs', 'Minus et voluptas culpa omnis animi non ipsam. Doloremque quo aut debitis et exercitationem similique. Qui consequuntur et et fugiat ratione. Consequatur maxime sapiente enim veritatis dolore sint a.', 1, '2018-08-08 08:59:50', '2018-08-08 08:59:50'),
	(187, 11, 'Otis Keebler', 'Officiis voluptate nostrum voluptas et. Mollitia a quaerat modi a quisquam vero. Rerum dolor accusamus beatae sit. Quos tempora exercitationem voluptas est ipsam neque sed.', 1, '2018-08-08 08:59:50', '2018-08-08 08:59:50'),
	(188, 2, 'Magali Brakus', 'Voluptatem dolore neque quas consequuntur quia. Molestias dignissimos assumenda et sunt impedit culpa. Hic possimus sed non tempore deleniti non ullam voluptas.', 0, '2018-08-08 08:59:50', '2018-08-08 08:59:50'),
	(189, 21, 'Margarete Cummings', 'Aliquid ipsa facere sunt sint praesentium consequuntur unde. Nobis cum sit ea perferendis. Occaecati ea rerum quo quidem est facilis.', 4, '2018-08-08 08:59:50', '2018-08-08 08:59:50'),
	(190, 23, 'Mr. Xavier Wintheiser I', 'Quisquam totam quaerat vitae omnis velit ut minus. Adipisci odit quia rerum. Necessitatibus voluptatem voluptatem eaque rerum ab qui quasi.', 4, '2018-08-08 08:59:50', '2018-08-08 08:59:50'),
	(191, 13, 'Ms. Lia Bogan Jr.', 'Nesciunt aliquam non quia voluptatem. Aut ea ipsam nisi non et similique. Eaque molestiae omnis laboriosam ut ut tenetur accusamus modi. Dolorum ratione et expedita sed.', 3, '2018-08-08 08:59:50', '2018-08-08 08:59:50'),
	(192, 6, 'Lorenz Swift', 'Nulla et dolor aut ab atque. Qui in et non optio sint pariatur. Optio et voluptatum eos.', 3, '2018-08-08 08:59:50', '2018-08-08 08:59:50'),
	(193, 47, 'Ernestine Bruen', 'Quae voluptas laboriosam corrupti consequatur debitis. Quos eum occaecati fuga culpa. Quia delectus est aut quod qui. Minima eos magnam voluptatem impedit.', 2, '2018-08-08 08:59:50', '2018-08-08 08:59:50'),
	(194, 13, 'Ms. June Mraz V', 'Corporis cum et vel quaerat voluptatem nesciunt. Repudiandae repudiandae est ut itaque. Animi sunt est unde sit voluptates aut. Et quaerat aliquam maxime rerum.', 5, '2018-08-08 08:59:50', '2018-08-08 08:59:50'),
	(195, 39, 'Lexus Ledner', 'Sed qui non ea est sunt praesentium voluptatem. Optio cumque at optio voluptatem consectetur ratione.', 5, '2018-08-08 08:59:50', '2018-08-08 08:59:50'),
	(196, 33, 'Destany Franecki DVM', 'Fugit occaecati at quis quo. Itaque illum magnam hic aut. Atque ut praesentium in quia est dolor quis. Laborum ex nam laborum ab magnam ipsum officiis.', 0, '2018-08-08 08:59:50', '2018-08-08 08:59:50'),
	(197, 31, 'Citlalli Nader', 'Illum culpa esse sequi eum blanditiis sint. Ullam aut in quia. Doloremque in corporis natus quia qui.', 4, '2018-08-08 08:59:50', '2018-08-08 08:59:50'),
	(198, 48, 'Maude Ward', 'Eaque reiciendis quis vitae et doloremque expedita qui. Esse quia saepe rerum aspernatur non veritatis cum. Ipsa voluptas quod et rerum sit ut quasi.', 4, '2018-08-08 08:59:50', '2018-08-08 08:59:50'),
	(199, 28, 'Fabiola Keebler', 'Est autem dolorem provident culpa maiores molestiae ad. Est qui asperiores consequatur est ullam quo maiores. Recusandae eius voluptates enim cupiditate. Eum accusantium perspiciatis unde consequuntur provident minus id.', 2, '2018-08-08 08:59:50', '2018-08-08 08:59:50'),
	(200, 22, 'Fletcher Barrows', 'Quia et saepe voluptatem tempore temporibus tempore. Occaecati non ea suscipit accusamus consequatur qui. Minima repellat asperiores odio neque.', 3, '2018-08-08 08:59:50', '2018-08-08 08:59:50'),
	(201, 3, 'Ayana Glover', 'Odio dolor enim aliquam sit consequatur consequatur quia. Quis distinctio fugiat blanditiis aperiam ex ut. Sunt nobis optio harum aut quis est.', 4, '2018-08-08 08:59:50', '2018-08-08 08:59:50'),
	(202, 2, 'Dr. Bobbie Reynolds III', 'Harum ut omnis earum amet aut. Et eligendi quasi dolores ex. Qui sit assumenda aliquid et ipsa sed deleniti. Quos eos amet ratione aliquam architecto.', 1, '2018-08-08 08:59:50', '2018-08-08 08:59:50'),
	(203, 49, 'Prof. Alexandrea Goodwin Jr.', 'Quis ducimus quia aut nostrum quam et. Necessitatibus voluptas unde iste labore nostrum. Debitis eaque error ipsum.', 0, '2018-08-08 08:59:50', '2018-08-08 08:59:50'),
	(204, 12, 'Kay Feest', 'Facere qui qui a dolores ipsam quos. Esse adipisci natus minima est sunt occaecati neque. Aut in et error sint.', 4, '2018-08-08 08:59:50', '2018-08-08 08:59:50'),
	(205, 19, 'Dr. Molly Mante DDS', 'Aliquid quia non qui repellat. Optio sunt placeat exercitationem cum adipisci. Commodi rerum omnis quia ipsum. Qui accusantium vero laudantium repudiandae enim.', 0, '2018-08-08 08:59:50', '2018-08-08 08:59:50'),
	(206, 35, 'Mr. Alfred Kerluke III', 'Saepe et dolorem nobis perferendis maxime. Omnis vero perspiciatis deserunt adipisci corporis quia. Mollitia voluptatem iste nulla ratione vel. Ipsum est deleniti eos voluptatem. Nisi explicabo officia molestiae molestias distinctio reiciendis.', 1, '2018-08-08 08:59:50', '2018-08-08 08:59:50'),
	(207, 48, 'Mr. Watson Armstrong DDS', 'Dolorem et assumenda repellendus quia ipsum laudantium deleniti. Non quam iure repellat.', 4, '2018-08-08 08:59:50', '2018-08-08 08:59:50'),
	(208, 30, 'Briana Dach', 'Ullam praesentium aliquam quo neque doloremque nihil. Error voluptatem aut ullam facilis sunt. Fugit quam corrupti occaecati ex quos sit quis.', 5, '2018-08-08 08:59:50', '2018-08-08 08:59:50'),
	(209, 8, 'Polly Jast', 'Et natus quasi sit quaerat assumenda. Est dignissimos enim eligendi debitis. Quod nihil at ut quis laborum sed. Sit possimus nemo sunt voluptates.', 0, '2018-08-08 08:59:50', '2018-08-08 08:59:50'),
	(210, 11, 'Jordi Herman', 'Fugiat ad animi eius modi ad natus neque. Voluptatum ullam nemo error. Et consequuntur ea ad soluta dolor.', 2, '2018-08-08 08:59:50', '2018-08-08 08:59:50'),
	(211, 22, 'Ivah Wintheiser', 'Nulla provident in odio rerum occaecati ad quia. Qui natus earum laboriosam. Et debitis culpa non sint necessitatibus et. Iusto cum doloribus eligendi nobis nesciunt voluptatem saepe.', 2, '2018-08-08 08:59:50', '2018-08-08 08:59:50'),
	(212, 20, 'Mr. Urban Heidenreich', 'Cum ut et et est ipsam illo. Asperiores exercitationem magni illum facere quos nulla aut. Aspernatur esse quaerat qui.', 4, '2018-08-08 08:59:50', '2018-08-08 08:59:50'),
	(213, 4, 'Gregg Wyman', 'Maxime error est ullam earum dolore autem voluptate. Odio dicta omnis cupiditate inventore eaque accusantium in.', 2, '2018-08-08 08:59:50', '2018-08-08 08:59:50'),
	(214, 12, 'Sidney Stokes Jr.', 'Non ipsam laudantium numquam nesciunt quo. Consectetur aliquam nam ut itaque.', 0, '2018-08-08 08:59:50', '2018-08-08 08:59:50'),
	(215, 25, 'Prof. Holden Schaden V', 'Harum facere quo enim sed voluptatibus maxime quia. Eaque quis omnis alias eius perferendis. Ut officia eum nesciunt ratione et labore.', 3, '2018-08-08 08:59:50', '2018-08-08 08:59:50'),
	(216, 31, 'Mr. Kaley Jast', 'Assumenda tempore pariatur sed atque vero nemo sit numquam. Enim harum rerum perspiciatis nulla dolorem quia sunt. Praesentium id magnam iusto aut et labore ad. Consequuntur est vero enim explicabo ut voluptas dolore ad.', 3, '2018-08-08 08:59:50', '2018-08-08 08:59:50'),
	(217, 7, 'Mrs. Cortney Olson', 'Rerum eum fugit ex dolores ratione voluptatem. Ipsa dicta ut nemo sunt minus fuga. Quis assumenda dignissimos rerum asperiores quam rerum similique enim.', 0, '2018-08-08 08:59:50', '2018-08-08 08:59:50'),
	(218, 30, 'Mrs. Karolann Senger II', 'Cumque ea et distinctio aut autem libero veniam. Officiis expedita iure ut inventore possimus dignissimos. Explicabo aliquam ipsam vel alias odit et nulla.', 4, '2018-08-08 08:59:50', '2018-08-08 08:59:50'),
	(219, 25, 'Makenzie Kovacek', 'Dignissimos voluptatum modi quaerat quo. Nemo voluptatem aspernatur possimus optio sit sapiente corporis. Placeat nam et quia iure magnam modi dolorem. Nam debitis ut quo nobis ut facere.', 2, '2018-08-08 08:59:50', '2018-08-08 08:59:50'),
	(220, 28, 'Bailee Tremblay', 'Sunt et architecto tempore placeat nesciunt porro voluptas natus. Explicabo blanditiis consectetur accusantium velit. Assumenda laboriosam voluptatem distinctio aut non possimus id sit. Neque facere soluta voluptas quas sint magni.', 4, '2018-08-08 08:59:50', '2018-08-08 08:59:50'),
	(221, 7, 'Ally Reynolds', 'Omnis autem distinctio porro et consectetur sit sed odit. Quam consequatur ullam id doloremque. Sequi aut eos aspernatur et nostrum velit et ad. Sed qui eveniet aut quibusdam quia consequatur inventore.', 3, '2018-08-08 08:59:50', '2018-08-08 08:59:50'),
	(222, 34, 'Bette Lind', 'Sapiente omnis adipisci omnis blanditiis assumenda voluptas. Et ipsa eos commodi iure minus corporis. Et similique ducimus earum voluptatum corporis.', 3, '2018-08-08 08:59:50', '2018-08-08 08:59:50'),
	(223, 10, 'Daryl Rodriguez DDS', 'Ducimus temporibus sapiente quibusdam accusamus exercitationem. Mollitia corrupti repellendus debitis voluptatibus aut autem voluptate quo. Et aliquid libero velit commodi suscipit nulla aut. Et voluptatem modi pariatur voluptas consectetur architecto nihil.', 0, '2018-08-08 08:59:50', '2018-08-08 08:59:50'),
	(224, 8, 'Paula Leuschke', 'Quas recusandae aut aspernatur eos esse aut quo. Recusandae necessitatibus atque qui impedit voluptates. Recusandae asperiores beatae earum exercitationem maiores rerum voluptatibus.', 5, '2018-08-08 08:59:50', '2018-08-08 08:59:50'),
	(225, 44, 'Agustina Beatty', 'Ut occaecati rem ratione cum quia. Cumque soluta ut nihil quaerat magni. Omnis exercitationem soluta laboriosam inventore et. Corporis tempore quae quia beatae laborum maiores velit.', 5, '2018-08-08 08:59:50', '2018-08-08 08:59:50'),
	(226, 46, 'Miss Jewell Hoeger III', 'Ut explicabo aut et consequatur deserunt et tempora. Autem et ullam illum velit quae at. Occaecati ut aut officiis enim. Maxime et voluptatibus et ut.', 5, '2018-08-08 08:59:50', '2018-08-08 08:59:50'),
	(227, 16, 'Tessie Kutch', 'Rem magnam ipsam ea. Temporibus ipsum deserunt architecto tempore amet. Consequuntur soluta debitis exercitationem voluptate excepturi dignissimos cumque. Asperiores itaque consequatur quasi nisi aut repudiandae.', 2, '2018-08-08 08:59:50', '2018-08-08 08:59:50'),
	(228, 49, 'Allison Cruickshank II', 'Sed repellat aliquid necessitatibus et nulla. Explicabo numquam dolorem et placeat quos quaerat non porro. Qui porro neque consequatur. Expedita ut neque quo consequatur harum. Inventore aut enim dolorem quo amet quisquam quas.', 2, '2018-08-08 08:59:50', '2018-08-08 08:59:50'),
	(229, 8, 'King Hermiston', 'Illum et sit inventore cum culpa. Consequuntur eum ut sed qui quam. Eum magnam aut et sunt consequatur. Ducimus aliquid facere aut voluptate hic dolorem veniam.', 0, '2018-08-08 08:59:50', '2018-08-08 08:59:50'),
	(230, 46, 'Felipa Krajcik DVM', 'Dicta enim odit voluptatem soluta in accusamus sapiente. Delectus sed laudantium aspernatur sint est adipisci dolor.', 0, '2018-08-08 08:59:50', '2018-08-08 08:59:50'),
	(231, 44, 'Frida Gorczany', 'Sunt quo ullam recusandae et. Nihil dolorem magni dolorem commodi officiis reiciendis nam.', 2, '2018-08-08 08:59:50', '2018-08-08 08:59:50'),
	(232, 45, 'Ms. Emilia Corwin II', 'Id ducimus magni fugiat a. Eos voluptatem magni odit aut quia repellat occaecati. Dolores saepe adipisci aliquid provident. Quo rem deleniti laboriosam.', 0, '2018-08-08 08:59:50', '2018-08-08 08:59:50'),
	(233, 2, 'Ms. Meda Hills', 'Rerum nisi temporibus eum ut. Maiores aut quas est dignissimos qui. Animi sint voluptatem debitis blanditiis.', 4, '2018-08-08 08:59:50', '2018-08-08 08:59:50'),
	(234, 22, 'Prof. Kenton Prohaska I', 'Reiciendis sint dicta sit pariatur aut dolor. Ipsum magnam voluptatum debitis ab. Placeat deserunt vitae eos. Tempora aliquid dolorem similique ducimus ducimus.', 4, '2018-08-08 08:59:50', '2018-08-08 08:59:50'),
	(235, 3, 'Cathrine Bogisich', 'Nihil sed minima qui corporis. Deserunt hic dolorem quam ut sit. Et et autem non quae eum. Consequatur repellat quia consequatur id enim sit.', 2, '2018-08-08 08:59:50', '2018-08-08 08:59:50'),
	(236, 27, 'Abraham Emard', 'Amet error blanditiis vel aliquid fugiat molestias sed. Placeat perferendis facere qui asperiores commodi molestias. Dolor est fugit consequatur error dolorem harum. Alias quia aut ducimus repellendus.', 5, '2018-08-08 08:59:50', '2018-08-08 08:59:50'),
	(237, 21, 'Lora Harvey', 'Et sint voluptate rerum aspernatur veniam aperiam. Rerum quo tempora eos. Fuga repudiandae et quo impedit. Qui vero consequatur dignissimos quo et ut.', 0, '2018-08-08 08:59:50', '2018-08-08 08:59:50'),
	(238, 19, 'Dr. Ottis Senger', 'Expedita culpa iusto in aut atque accusamus eos. Nulla et ipsa consequuntur doloremque cum ex temporibus alias. Ipsum voluptatibus itaque quo qui nulla at. Officia dolor voluptatem rem ipsam deleniti corporis consequuntur.', 2, '2018-08-08 08:59:50', '2018-08-08 08:59:50'),
	(239, 1, 'Mittie Frami', 'Dicta magnam sit sint nihil aut non. Sint ab laboriosam qui.', 0, '2018-08-08 08:59:50', '2018-08-08 08:59:50'),
	(240, 40, 'Heber Raynor', 'Explicabo dolor esse rerum minus earum facilis eaque. Eaque facilis temporibus fugit sit facilis voluptatem. Et quidem architecto vero ullam. Delectus et sint similique molestias totam.', 1, '2018-08-08 08:59:50', '2018-08-08 08:59:50'),
	(241, 13, 'Prof. Mireya Streich PhD', 'Ea doloribus asperiores similique alias dolor sequi. Nam excepturi voluptate dolorem a sed minima. Impedit temporibus vitae eius voluptas deserunt.', 1, '2018-08-08 08:59:50', '2018-08-08 08:59:50'),
	(242, 17, 'Buddy Bauch', 'Voluptas amet dolores et aliquid quo. Ratione dolor impedit ex nobis earum accusamus iusto. Necessitatibus minus modi qui qui aliquam molestiae iure. Unde et facilis molestias distinctio. Et voluptas ab culpa repellat dolor minima.', 5, '2018-08-08 08:59:50', '2018-08-08 08:59:50'),
	(243, 1, 'Willow Nicolas', 'Ducimus et voluptatem officiis et et culpa ut. Dolor quis consequatur asperiores. Quod rerum atque necessitatibus velit modi enim.', 0, '2018-08-08 08:59:50', '2018-08-08 08:59:50'),
	(244, 49, 'Randal Fritsch', 'Sunt earum id maiores repellendus est. Ipsam numquam ipsam eum amet nihil praesentium. Architecto et occaecati dolor molestiae dolorum dolorem.', 0, '2018-08-08 08:59:50', '2018-08-08 08:59:50'),
	(245, 47, 'Winfield Christiansen', 'Quis ut est dolores quo. Mollitia voluptas unde qui. Ea minima temporibus provident voluptas.', 5, '2018-08-08 08:59:50', '2018-08-08 08:59:50'),
	(246, 27, 'Dr. Jay Daniel III', 'Illo et amet animi ducimus odit aut unde qui. Quisquam accusantium maxime voluptas aspernatur. Iste hic alias quia sed ea veniam quod. Odio error dicta eveniet voluptatem aut.', 0, '2018-08-08 08:59:50', '2018-08-08 08:59:50'),
	(247, 21, 'Mrs. Rae McClure V', 'Debitis accusamus magnam consequatur. Voluptate ut est assumenda sit repellat. Unde nihil accusantium fugiat quia. Vero cumque eos quia ullam autem et necessitatibus.', 0, '2018-08-08 08:59:50', '2018-08-08 08:59:50'),
	(248, 28, 'Connie Ullrich', 'Maiores voluptate ut mollitia est aliquam ullam. Ea quo temporibus quis. Doloribus molestias laborum harum consequuntur consequatur error.', 2, '2018-08-08 08:59:50', '2018-08-08 08:59:50'),
	(249, 12, 'Lillie Gerlach V', 'Harum sit iste atque repudiandae necessitatibus maiores eveniet. Quam qui placeat tempore eos nostrum. Sed veritatis magni consequuntur exercitationem aut veniam maiores.', 1, '2018-08-08 08:59:50', '2018-08-08 08:59:50'),
	(250, 13, 'Dr. Deontae Williamson PhD', 'Et quod deserunt accusamus deserunt quibusdam. Officiis porro non error cumque dolorem exercitationem dolore. Quia accusamus rerum ipsa rerum totam rerum.', 4, '2018-08-08 08:59:50', '2018-08-08 08:59:50'),
	(251, 6, 'Mrs. Marian Johns', 'Earum eos inventore reprehenderit qui aliquam voluptatem vitae reiciendis. Aut nihil nam minima fugiat animi et dolorum. Mollitia provident sed nihil vel. Ut aut voluptas aliquid occaecati alias sint velit aut.', 3, '2018-08-08 08:59:50', '2018-08-08 08:59:50'),
	(252, 13, 'Westley Tromp', 'Est magni explicabo minima ut sed. Eum harum alias officia sit fugit eos. Vitae voluptas dolores quod tempora ex qui. Est architecto culpa accusantium adipisci aut aut architecto.', 3, '2018-08-08 08:59:50', '2018-08-08 08:59:50'),
	(253, 36, 'Salma Stracke', 'Autem qui quam id minima. Et debitis doloribus impedit. Nemo reprehenderit modi mollitia quia dolorem qui id sequi.', 2, '2018-08-08 08:59:50', '2018-08-08 08:59:50'),
	(254, 44, 'Leonardo Keebler', 'Dolor est velit quod a est. Adipisci voluptatem veritatis numquam. Necessitatibus architecto quae voluptas.', 0, '2018-08-08 08:59:50', '2018-08-08 08:59:50'),
	(255, 4, 'Dr. Keagan Kautzer IV', 'Vel eius expedita voluptatum molestias eum vitae. Dolor quod illo aperiam.', 4, '2018-08-08 08:59:50', '2018-08-08 08:59:50'),
	(256, 48, 'Turner Schamberger MD', 'Odit recusandae beatae reiciendis. Impedit qui velit voluptas voluptatum dolor ex. Eius ipsum beatae nam.', 5, '2018-08-08 08:59:50', '2018-08-08 08:59:50'),
	(257, 22, 'Prof. Ciara Pollich PhD', 'Non dolores dicta illo iure rem. Enim dignissimos et qui.', 2, '2018-08-08 08:59:51', '2018-08-08 08:59:51'),
	(258, 3, 'Ms. Jaunita Skiles V', 'Laborum dolor assumenda facilis modi. Inventore dolorem facilis nisi quis qui sunt velit est. Ut molestiae unde magnam eaque.', 1, '2018-08-08 08:59:51', '2018-08-08 08:59:51'),
	(259, 43, 'Liliana McDermott', 'Voluptatum rerum et a placeat autem. Ut pariatur sapiente quasi enim. Ducimus quibusdam vel exercitationem necessitatibus.', 4, '2018-08-08 08:59:51', '2018-08-08 08:59:51'),
	(260, 40, 'Reuben Runte', 'Enim eum quia deleniti rerum. Saepe occaecati aut at in. Dolores at porro libero voluptas ducimus accusamus aspernatur. Praesentium eius sit repellendus praesentium vel ut.', 0, '2018-08-08 08:59:51', '2018-08-08 08:59:51'),
	(261, 7, 'Ms. Joy Wuckert Sr.', 'Culpa enim rerum quia rerum. Ut aliquid voluptates quae quo nulla quae occaecati. Voluptas laboriosam in non.', 4, '2018-08-08 08:59:51', '2018-08-08 08:59:51'),
	(262, 49, 'Dr. Deanna Schoen', 'Amet aliquid quia omnis nobis ipsam. Cumque soluta nam rerum eveniet et. Est aliquam distinctio quaerat tempore. Voluptates deserunt sit illo dolore voluptatibus explicabo animi.', 0, '2018-08-08 08:59:51', '2018-08-08 08:59:51'),
	(263, 15, 'Prof. Durward Mueller', 'Natus illum non sed esse officiis. Totam qui nostrum rem quod nisi. Minus quia et et consequatur illo. Voluptatibus alias consequatur enim iusto maxime necessitatibus omnis.', 0, '2018-08-08 08:59:51', '2018-08-08 08:59:51'),
	(264, 30, 'Prof. Ricky Pfannerstill', 'Porro pariatur et incidunt adipisci. Voluptas aut consequuntur dolorem consectetur et occaecati. Repudiandae quas voluptate distinctio corporis. Enim quas qui et adipisci.', 2, '2018-08-08 08:59:51', '2018-08-08 08:59:51'),
	(265, 46, 'Mr. Florencio Frami', 'Possimus minus dolor aut voluptas quis velit. Ut architecto eum et et. Molestias ad aliquid iusto et quam temporibus.', 3, '2018-08-08 08:59:51', '2018-08-08 08:59:51'),
	(266, 25, 'Ena Russel', 'Vero at eos sequi quos et adipisci earum molestias. Est neque et eius. Omnis assumenda qui ipsa repellat.', 1, '2018-08-08 08:59:51', '2018-08-08 08:59:51'),
	(267, 45, 'Alexa West', 'Voluptatum est repellat quo iusto molestias perferendis. Quisquam voluptatem quis iure optio sapiente hic odit. Ullam magni hic veritatis consequuntur saepe aut culpa nihil.', 5, '2018-08-08 08:59:51', '2018-08-08 08:59:51'),
	(268, 8, 'Prof. Zion Botsford DDS', 'Tempore doloremque dolorem explicabo odit. Iste doloremque beatae eos. Excepturi consequatur reprehenderit temporibus enim qui enim.', 1, '2018-08-08 08:59:51', '2018-08-08 08:59:51'),
	(269, 9, 'Ms. Mathilde Altenwerth IV', 'Ducimus assumenda ad itaque rem. Veniam corporis libero ut eveniet minima nihil. Quo vel perspiciatis dicta eum facilis est. Nostrum exercitationem harum voluptate delectus.', 2, '2018-08-08 08:59:51', '2018-08-08 08:59:51'),
	(270, 40, 'Otto Boyle', 'Facere ad rem optio unde debitis perspiciatis. Reiciendis corporis unde aut labore. Quo dolor sunt necessitatibus et repellendus aut.', 3, '2018-08-08 08:59:51', '2018-08-08 08:59:51'),
	(271, 11, 'Ed Bernhard', 'Tempora magnam et est est cumque. Nesciunt aliquid et consectetur.', 3, '2018-08-08 08:59:51', '2018-08-08 08:59:51'),
	(272, 46, 'Liliana Wiza', 'Asperiores voluptas laboriosam provident vero ut sequi rerum. Et repellendus vel ad voluptatem omnis corrupti. Rerum animi mollitia alias nemo sint magnam autem adipisci.', 3, '2018-08-08 08:59:51', '2018-08-08 08:59:51'),
	(273, 15, 'Dr. Elmer Collier I', 'Suscipit autem voluptatem deserunt nemo qui. Sapiente non quia sunt id. Quibusdam laudantium voluptas quia placeat a molestiae dolor illo.', 3, '2018-08-08 08:59:51', '2018-08-08 08:59:51'),
	(274, 19, 'Nella Ledner Jr.', 'Ut sed in ratione maxime maxime. Cum voluptas maxime excepturi nihil et. Eos aut incidunt maxime nostrum sit magni nam non. Deserunt repudiandae rem officia id.', 4, '2018-08-08 08:59:51', '2018-08-08 08:59:51'),
	(275, 44, 'Dr. Kennedi Bogisich', 'Deserunt voluptatem quis beatae quam ullam ut. Sequi nihil illo eos ut. Voluptatem quo iusto minima magni deleniti saepe error. Ea error animi atque recusandae.', 2, '2018-08-08 08:59:51', '2018-08-08 08:59:51'),
	(276, 6, 'Americo Reichel', 'Rem nisi ea labore omnis et. Velit soluta quisquam accusantium nihil qui deserunt. Corrupti esse facilis iusto autem sit consequatur vero.', 4, '2018-08-08 08:59:51', '2018-08-08 08:59:51'),
	(277, 36, 'Lyda Terry', 'Quia eum corporis unde et. Iusto quaerat eum expedita ipsam et. Sint eum cupiditate eum minus corporis illo nihil. Voluptatem harum dolor voluptatem pariatur doloribus tempora nostrum.', 0, '2018-08-08 08:59:51', '2018-08-08 08:59:51'),
	(278, 32, 'Dr. Cora Dach PhD', 'Nihil sit qui itaque at nulla eum quis debitis. Magnam voluptas eius nihil similique voluptas aspernatur deserunt. Necessitatibus rem velit reprehenderit est illum asperiores id. Ipsa suscipit veniam recusandae molestiae dolorem inventore amet hic. Sed exercitationem voluptates non dolores quia tempore.', 2, '2018-08-08 08:59:51', '2018-08-08 08:59:51'),
	(279, 12, 'Danyka Sanford', 'Consectetur et ut id ipsum tempore minima explicabo. Aliquam laborum repellat facere minus a ab dolor ipsam. Ut tempore ut doloremque voluptatum cum iusto. Aliquid ducimus quis qui corporis maiores labore voluptatem.', 5, '2018-08-08 08:59:51', '2018-08-08 08:59:51'),
	(280, 1, 'Ms. Felicia Rath I', 'Ipsa totam cum iusto rerum ut iste ut ratione. Nisi et dolore laboriosam et omnis consequatur odio. Non earum repellat quidem qui magnam nihil.', 3, '2018-08-08 08:59:51', '2018-08-08 08:59:51'),
	(281, 10, 'Dr. Jose Purdy', 'Excepturi voluptatem expedita eveniet sunt. Ea ex consequatur architecto et expedita repudiandae. Esse molestiae minus esse ullam.', 1, '2018-08-08 08:59:51', '2018-08-08 08:59:51'),
	(282, 33, 'Reed Hodkiewicz', 'Aut labore quia quasi ut et eveniet. Quis atque saepe similique amet nemo architecto aut atque. Blanditiis eaque corporis et quae perspiciatis commodi.', 3, '2018-08-08 08:59:51', '2018-08-08 08:59:51'),
	(283, 29, 'Dr. Titus Lemke DVM', 'Cum suscipit suscipit minima enim ducimus doloribus blanditiis itaque. Modi incidunt corrupti velit quia et harum. Fuga sunt explicabo et vel et amet numquam. Non eum rem molestias et aliquam.', 1, '2018-08-08 08:59:51', '2018-08-08 08:59:51'),
	(284, 13, 'Lysanne Prosacco', 'Alias commodi quia est sit. Nihil quod enim amet voluptate explicabo et. Laboriosam sunt eos voluptas ut rerum est necessitatibus.', 2, '2018-08-08 08:59:51', '2018-08-08 08:59:51'),
	(285, 7, 'Waino Cassin', 'Ut et dolorem voluptatem. Ducimus eum earum perspiciatis facere voluptatem. Minus modi velit aut aut quidem.', 2, '2018-08-08 08:59:51', '2018-08-08 08:59:51'),
	(286, 50, 'Catherine Hessel III', 'Dolore quisquam mollitia voluptatem commodi quod. In mollitia ipsam quisquam eum. Iure quos perspiciatis quis veniam. Qui qui sed repellendus velit ut laudantium.', 0, '2018-08-08 08:59:51', '2018-08-08 08:59:51'),
	(287, 13, 'Katlynn Medhurst', 'Natus incidunt repudiandae consequuntur rerum. Non aliquid reprehenderit neque tenetur excepturi at quasi. Officia excepturi tenetur fuga. Laborum explicabo voluptatum aut nulla.', 1, '2018-08-08 08:59:51', '2018-08-08 08:59:51'),
	(288, 38, 'Mallory Herman', 'Non quo enim et saepe et hic. Nesciunt ipsam quas cum asperiores nulla et voluptatem. Rem aut similique hic sunt.', 2, '2018-08-08 08:59:51', '2018-08-08 08:59:51'),
	(289, 42, 'Gretchen Bins', 'Porro numquam dolores et omnis molestias voluptatem voluptatem. Perferendis odio corporis et illo quia architecto suscipit. Impedit ea soluta vel accusantium aperiam et explicabo. Voluptate sapiente doloribus facilis a.', 2, '2018-08-08 08:59:51', '2018-08-08 08:59:51'),
	(290, 49, 'Ms. Velva Heathcote', 'Magnam repellat deserunt voluptates. Repellat quaerat non soluta eaque. Perspiciatis est perspiciatis voluptatem ab magni deserunt id beatae. Accusantium qui cumque minima molestiae est.', 3, '2018-08-08 08:59:51', '2018-08-08 08:59:51'),
	(291, 25, 'Miss Providenci Ebert', 'Cum asperiores vero sapiente et voluptatibus nesciunt veritatis. Facere porro sit voluptates sunt laudantium blanditiis. Possimus et ipsa neque et.', 2, '2018-08-08 08:59:51', '2018-08-08 08:59:51'),
	(292, 10, 'Kyla Beer', 'Velit repellat quo nisi ex asperiores cumque. Voluptates iusto laboriosam dolorum. Quas officia nemo odit tenetur.', 5, '2018-08-08 08:59:51', '2018-08-08 08:59:51'),
	(293, 34, 'Mrs. Name Wyman', 'Provident vero quasi ipsam eos ut omnis ut dolore. Ex ex rerum rem odit optio eum dolor. Et blanditiis omnis ullam architecto et sint.', 3, '2018-08-08 08:59:51', '2018-08-08 08:59:51'),
	(294, 35, 'Mack Harber', 'Autem assumenda iure deleniti eos. Hic dolor dolore eaque minima nostrum. Rerum atque perspiciatis consectetur quos unde quibusdam.', 1, '2018-08-08 08:59:51', '2018-08-08 08:59:51'),
	(295, 10, 'Keaton Kerluke', 'Aliquam quos in in libero est esse. Mollitia corporis et officia velit nam est cum. Voluptatem minima vel non quo nesciunt ut autem. Autem mollitia voluptatem saepe mollitia cum aut placeat.', 1, '2018-08-08 08:59:51', '2018-08-08 08:59:51'),
	(296, 15, 'Dr. Maiya Gerlach III', 'Quo dicta et recusandae. Facere facere quia recusandae autem aut quidem. Ut recusandae architecto ea quaerat accusamus. Consectetur laboriosam rerum quis est quo sequi ut.', 2, '2018-08-08 08:59:51', '2018-08-08 08:59:51'),
	(297, 12, 'Barry Cassin DDS', 'Adipisci debitis aspernatur minus et. Dolore est animi expedita saepe ab nihil. Voluptatibus quis velit magnam magni sint qui. Vitae repellat eligendi recusandae. Natus id laboriosam hic sed qui et earum ducimus.', 0, '2018-08-08 08:59:51', '2018-08-08 08:59:51'),
	(298, 19, 'Louie Hill', 'Voluptas modi architecto autem nobis nostrum necessitatibus. Numquam distinctio dolorem consequatur. Animi quo natus qui expedita minus itaque vel.', 4, '2018-08-08 08:59:51', '2018-08-08 08:59:51'),
	(299, 21, 'Lemuel Nikolaus', 'Est optio non enim vero vel. Cumque impedit explicabo cumque sint esse. Sed et fuga et.', 1, '2018-08-08 08:59:51', '2018-08-08 08:59:51'),
	(300, 7, 'Prof. Edgardo Bins', 'Est omnis voluptatem aliquid voluptas illo quis esse. Aut fugit quasi consequatur rerum ut.', 2, '2018-08-08 08:59:51', '2018-08-08 08:59:51');
/*!40000 ALTER TABLE `reviews` ENABLE KEYS */;

-- Dumping structure for table eapi.users
CREATE TABLE IF NOT EXISTS `users` (
  `id` int(10) unsigned NOT NULL AUTO_INCREMENT,
  `name` varchar(255) COLLATE utf8mb4_unicode_ci NOT NULL,
  `email` varchar(255) COLLATE utf8mb4_unicode_ci NOT NULL,
  `password` varchar(255) COLLATE utf8mb4_unicode_ci NOT NULL,
  `remember_token` varchar(100) COLLATE utf8mb4_unicode_ci DEFAULT NULL,
  `created_at` timestamp NULL DEFAULT NULL,
  `updated_at` timestamp NULL DEFAULT NULL,
  PRIMARY KEY (`id`),
  UNIQUE KEY `users_email_unique` (`email`)
) ENGINE=InnoDB DEFAULT CHARSET=utf8mb4 COLLATE=utf8mb4_unicode_ci;

-- Dumping data for table eapi.users: ~0 rows (approximately)
DELETE FROM `users`;
/*!40000 ALTER TABLE `users` DISABLE KEYS */;
/*!40000 ALTER TABLE `users` ENABLE KEYS */;

/*!40101 SET SQL_MODE=IFNULL(@OLD_SQL_MODE, '') */;
/*!40014 SET FOREIGN_KEY_CHECKS=IF(@OLD_FOREIGN_KEY_CHECKS IS NULL, 1, @OLD_FOREIGN_KEY_CHECKS) */;
/*!40101 SET CHARACTER_SET_CLIENT=@OLD_CHARACTER_SET_CLIENT */;
